-- MySQL dump 10.13  Distrib 5.5.32, for debian-linux-gnu (x86_64)
--
-- Host: localhost    Database: app_gophp
-- ------------------------------------------------------
-- Server version	5.5.32-0ubuntu0.12.04.1

/*!40101 SET @OLD_CHARACTER_SET_CLIENT=@@CHARACTER_SET_CLIENT */;
/*!40101 SET @OLD_CHARACTER_SET_RESULTS=@@CHARACTER_SET_RESULTS */;
/*!40101 SET @OLD_COLLATION_CONNECTION=@@COLLATION_CONNECTION */;
/*!40101 SET NAMES utf8 */;
/*!40103 SET @OLD_TIME_ZONE=@@TIME_ZONE */;
/*!40103 SET TIME_ZONE='+00:00' */;
/*!40014 SET @OLD_UNIQUE_CHECKS=@@UNIQUE_CHECKS, UNIQUE_CHECKS=0 */;
/*!40014 SET @OLD_FOREIGN_KEY_CHECKS=@@FOREIGN_KEY_CHECKS, FOREIGN_KEY_CHECKS=0 */;
/*!40101 SET @OLD_SQL_MODE=@@SQL_MODE, SQL_MODE='NO_AUTO_VALUE_ON_ZERO' */;
/*!40111 SET @OLD_SQL_NOTES=@@SQL_NOTES, SQL_NOTES=0 */;

--
-- Table structure for table `comments`
--

DROP TABLE IF EXISTS `comments`;
/*!40101 SET @saved_cs_client     = @@character_set_client */;
/*!40101 SET character_set_client = utf8 */;
CREATE TABLE `comments` (
  `person_id` int(11) NOT NULL AUTO_INCREMENT,
  `name` varchar(30) NOT NULL,
  `comment` text NOT NULL,
  PRIMARY KEY (`person_id`)
) ENGINE=MyISAM AUTO_INCREMENT=27 DEFAULT CHARSET=latin1;
/*!40101 SET character_set_client = @saved_cs_client */;

--
-- Dumping data for table `comments`
--

LOCK TABLES `comments` WRITE;
/*!40000 ALTER TABLE `comments` DISABLE KEYS */;
INSERT INTO `comments` VALUES (23,'',''),(24,'asdfasd','erqwerqwerwe'),(7,'darth vader','Luke, I am your father.'),(8,'darth vader','Luke, I am your father.'),(10,'darth vader','Luke, I am your father.'),(11,'darth vader','Luke, I am your father.'),(12,'darth vader','Luke, I am your father.'),(17,'darth vader','Luke, I am your father.'),(20,'joe','hello'),(21,'hi','this is fun'),(22,'hi','this is fun');
/*!40000 ALTER TABLE `comments` ENABLE KEYS */;
UNLOCK TABLES;

--
-- Table structure for table `course`
--

DROP TABLE IF EXISTS `course`;
/*!40101 SET @saved_cs_client     = @@character_set_client */;
/*!40101 SET character_set_client = utf8 */;
CREATE TABLE `course` (
  `courseID` varchar(6) NOT NULL,
  `courseName` varchar(30) DEFAULT NULL,
  `maxEnrollment` int(2) DEFAULT NULL,
  PRIMARY KEY (`courseID`)
) ENGINE=MyISAM DEFAULT CHARSET=latin1;
/*!40101 SET character_set_client = @saved_cs_client */;

--
-- Dumping data for table `course`
--

LOCK TABLES `course` WRITE;
/*!40000 ALTER TABLE `course` DISABLE KEYS */;
INSERT INTO `course` VALUES ('it2400','Intro to Networking',24),('cs1410','More Programming',20),('vt4000','Web Programming',17),('it4400','Cisco stuff',16),('ENGL 2','Intro to Writing',20),('VT 140','Web Design',18),('CS4990','Senior Project',20);
/*!40000 ALTER TABLE `course` ENABLE KEYS */;
UNLOCK TABLES;

--
-- Table structure for table `customers`
--

DROP TABLE IF EXISTS `customers`;
/*!40101 SET @saved_cs_client     = @@character_set_client */;
/*!40101 SET character_set_client = utf8 */;
CREATE TABLE `customers` (
  `customerNumber` int(11) NOT NULL,
  `customerName` varchar(50) NOT NULL,
  `contactLastName` varchar(50) NOT NULL,
  `contactFirstName` varchar(50) NOT NULL,
  `phone` varchar(50) NOT NULL,
  `addressLine1` varchar(50) NOT NULL,
  `addressLine2` varchar(50) DEFAULT NULL,
  `city` varchar(50) NOT NULL,
  `state` varchar(50) DEFAULT NULL,
  `postalCode` varchar(15) DEFAULT NULL,
  `country` varchar(50) NOT NULL,
  `salesRepEmployeeNumber` int(11) DEFAULT NULL,
  `creditLimit` double DEFAULT NULL,
  `client_ip` varchar(15) DEFAULT NULL,
  PRIMARY KEY (`customerNumber`)
) ENGINE=MyISAM DEFAULT CHARSET=latin1;
/*!40101 SET character_set_client = @saved_cs_client */;

--
-- Dumping data for table `customers`
--

LOCK TABLES `customers` WRITE;
/*!40000 ALTER TABLE `customers` DISABLE KEYS */;
INSERT INTO `customers` VALUES (103,'Atelier graphique','Schmitt','Carine ','40.32.2555','54, rue Royale',NULL,'Nantes',NULL,'44000','France',1370,21000,NULL),(112,'Signal Gift Stores','King','Jean','7025551838','8489 Strong St.',NULL,'Las Vegas','NV','83030','USA',1166,71800,NULL),(114,'Australian Collectors, Co.','Ferguson','Peter','03 9520 4555','636 St Kilda Road','Level 3','Melbourne','Victoria','3004','Australia',1611,117300,NULL),(119,'La Rochelle Gifts','Labrune','Janine ','40.67.8555','67, rue des Cinquante Otages',NULL,'Nantes',NULL,'44000','France',1370,118200,NULL),(121,'Baane Mini Imports','Bergulfsen','Jonas ','07-98 9555','Erling Skakkes gate 78',NULL,'Stavern',NULL,'4110','Norway',1504,81700,NULL),(124,'Mini Gifts Distributors Ltd.','Nelson','Susan','4155551450','5677 Strong St.',NULL,'San Rafael','CA','97562','USA',1165,210500,NULL),(125,'Havel & Zbyszek Co','Piestrzeniewicz','Zbyszek ','(26) 642-7555','ul. Filtrowa 68',NULL,'Warszawa',NULL,'01-012','Poland',NULL,0,NULL),(128,'Blauer See Auto, Co.','Keitel','Roland','+49 69 66 90 2555','Lyonerstr. 34',NULL,'Frankfurt',NULL,'60528','Germany',1504,59700,NULL),(129,'Mini Wheels Co.','Murphy','Julie','6505555787','5557 North Pendale Street',NULL,'San Francisco','CA','94217','USA',1165,64600,NULL),(131,'Land of Toys Inc.','Lee','Kwai','2125557818','897 Long Airport Avenue',NULL,'NYC','NY','10022','USA',1323,114900,NULL),(141,'Euro+ Shopping Channel','Freyre','Diego ','(91) 555 94 44','C/ Moralzarzal, 86',NULL,'Madrid',NULL,'28034','Spain',1370,227600,NULL),(144,'Volvo Model Replicas, Co','Berglund','Christina ','0921-12 3555','BerguvsvÃ¤gen  8',NULL,'LuleÃ¥',NULL,'S-958 22','Sweden',1504,53100,NULL),(145,'Danish Wholesale Imports','Petersen','Jytte ','31 12 3555','VinbÃ¦ltet 34',NULL,'Kobenhavn',NULL,'1734','Denmark',1401,83400,NULL),(146,'Saveley & Henriot, Co.','Saveley','Mary ','78.32.5555','2, rue du Commerce',NULL,'Lyon',NULL,'69004','France',1337,123900,NULL),(148,'Dragon Souveniers, Ltd.','Natividad','Eric','+65 221 7555','Bronz Sok.','Bronz Apt. 3/6 Tesvikiye','Singapore',NULL,'079903','Singapore',1621,103800,NULL),(151,'Muscle Machine Inc','Young','Jeff','2125557413','4092 Furth Circle','Suite 400','NYC','NY','10022','USA',1286,138500,NULL),(157,'Diecast Classics Inc.','Leong','Kelvin','2155551555','7586 Pompton St.',NULL,'Allentown','PA','70267','USA',1216,100600,NULL),(161,'Technics Stores Inc.','Hashimoto','Juri','6505556809','9408 Furth Circle',NULL,'Burlingame','CA','94217','USA',1165,84600,NULL),(166,'Handji Gifts& Co','Victorino','Wendy','+65 224 1555','106 Linden Road Sandown','2nd Floor','Singapore',NULL,'069045','Singapore',1612,97900,NULL),(167,'Herkku Gifts','Oeztan','Veysel','+47 2267 3215','Brehmen St. 121','PR 334 Sentrum','Bergen',NULL,'N 5804','Norway  ',1504,96800,NULL),(168,'American Souvenirs Inc','Franco','Keith','2035557845','149 Spinnaker Dr.','Suite 101','New Haven','CT','97823','USA',1286,0,NULL),(169,'Porto Imports Co.','de Castro','Isabel ','(1) 356-5555','Estrada da saÃºde n. 58',NULL,'Lisboa',NULL,'1756','Portugal',NULL,0,NULL),(171,'Daedalus Designs Imports','RancÃ©','Martine ','20.16.1555','184, chaussÃ©e de Tournai',NULL,'Lille',NULL,'59000','France',1370,82900,NULL),(172,'La Corne D\'abondance, Co.','Bertrand','Marie','(1) 42.34.2555','265, boulevard Charonne',NULL,'Paris',NULL,'75012','France',1337,84300,NULL),(173,'Cambridge Collectables Co.','Tseng','Jerry','6175555555','4658 Baden Av.',NULL,'Cambridge','MA','51247','USA',1188,43400,NULL),(175,'Gift Depot Inc.','King','Julie','2035552570','25593 South Bay Ln.',NULL,'Bridgewater','CT','97562','USA',1323,84300,NULL),(177,'Osaka Souveniers Co.','Kentary','Mory','+81 06 6342 5555','1-6-20 Dojima',NULL,'Kita-ku','Osaka',' 530-0003','Japan',1621,81200,NULL),(181,'Vitachrome Inc.','Frick','Michael','2125551500','2678 Kingston Rd.','Suite 101','NYC','NY','10022','USA',1286,76400,NULL),(186,'Toys of Finland, Co.','Karttunen','Matti','90-224 8555','Keskuskatu 45',NULL,'Helsinki',NULL,'21240','Finland',1501,96500,NULL),(187,'AV Stores, Co.','Ashworth','Rachel','(171) 555-1555','Fauntleroy Circus',NULL,'Manchester',NULL,'EC2 5NT','UK',1501,136800,NULL),(189,'Clover Collections, Co.','Cassidy','Dean','+353 1862 1555','25 Maiden Lane','Floor No. 4','Dublin',NULL,'2','Ireland',1504,69400,NULL),(198,'Auto-Moto Classics Inc.','Taylor','Leslie','6175558428','16780 Pompton St.',NULL,'Brickhaven','MA','58339','USA',1216,23000,NULL),(201,'UK Collectables, Ltd.','Devon','Elizabeth','(171) 555-2282','12, Berkeley Gardens Blvd',NULL,'Liverpool',NULL,'WX1 6LT','UK',1501,92700,NULL),(202,'Canadian Gift Exchange Network','Tamuri','Yoshi ','(604) 555-3392','1900 Oak St.',NULL,'Vancouver','BC','V3F 2K1','Canada',1323,90300,NULL),(204,'Online Mini Collectables','Barajas','Miguel','6175557555','7635 Spinnaker Dr.',NULL,'Brickhaven','MA','58339','USA',1188,68700,NULL),(205,'Toys4GrownUps.com','Young','Julie','6265557265','78934 Hillside Dr.',NULL,'Pasadena','CA','90003','USA',1166,90700,NULL),(206,'Asian Shopping Network, Co','Walker','Brydey','+612 9411 1555','Suntec Tower Three','8 Temasek','Singapore',NULL,'038988','Singapore',NULL,0,NULL),(209,'Mini Caravy','Citeaux','FrÃ©dÃ©rique ','88.60.1555','24, place KlÃ©ber',NULL,'Strasbourg',NULL,'67000','France',1370,53800,NULL),(211,'King Kong Collectables, Co.','Gao','Mike','+852 2251 1555','Bank of China Tower','1 Garden Road','Central Hong Kong',NULL,NULL,'Hong Kong',1621,58600,NULL),(216,'Enaco Distributors','Saavedra','Eduardo ','(93) 203 4555','Rambla de CataluÃ±a, 23',NULL,'Barcelona',NULL,'08022','Spain',1702,60300,NULL),(219,'Boards & Toys Co.','Young','Mary','3105552373','4097 Douglas Av.',NULL,'Glendale','CA','92561','USA',1166,11000,NULL),(223,'NatÃ¼rlich Autos','Kloss','Horst ','0372-555188','TaucherstraÃŸe 10',NULL,'Cunewalde',NULL,'01307','Germany',NULL,0,NULL),(227,'Heintze Collectables','Ibsen','Palle','86 21 3555','Smagsloget 45',NULL,'Ã…rhus',NULL,'8200','Denmark',1401,120800,NULL),(233,'QuÃ©bec Home Shopping Network','FresniÃ¨re','Jean ','(514) 555-8054','43 rue St. Laurent',NULL,'MontrÃ©al','QuÃ©bec','H1J 1C3','Canada',1286,48700,NULL),(237,'ANG Resellers','Camino','Alejandra ','(91) 745 6555','Gran VÃ­a, 1',NULL,'Madrid',NULL,'28001','Spain',NULL,0,NULL),(239,'Collectable Mini Designs Co.','Thompson','Valarie','7605558146','361 Furth Circle',NULL,'San Diego','CA','91217','USA',1166,105000,NULL),(240,'giftsbymail.co.uk','Bennett','Helen ','(198) 555-8888','Garden House','Crowther Way 23','Cowes','Isle of Wight','PO31 7PJ','UK',1501,93900,NULL),(242,'Alpha Cognac','Roulet','Annette ','61.77.6555','1 rue Alsace-Lorraine',NULL,'Toulouse',NULL,'31000','France',1370,61100,NULL),(247,'Messner Shopping Network','Messner','Renate ','069-0555984','Magazinweg 7',NULL,'Frankfurt',NULL,'60528','Germany',NULL,0,NULL),(249,'Amica Models & Co.','Accorti','Paolo ','011-4988555','Via Monte Bianco 34',NULL,'Torino',NULL,'10100','Italy',1401,113000,NULL),(250,'Lyon Souveniers','Da Silva','Daniel','+33 1 46 62 7555','27 rue du Colonel Pierre Avia',NULL,'Paris',NULL,'75508','France',1337,68100,NULL),(256,'Auto AssociÃ©s & Cie.','Tonini','Daniel ','30.59.8555','67, avenue de l\'Europe',NULL,'Versailles',NULL,'78000','France',1370,77900,NULL),(259,'Toms SpezialitÃ¤ten, Ltd','Pfalzheim','Henriette ','0221-5554327','Mehrheimerstr. 369',NULL,'KÃ¶ln',NULL,'50739','Germany',1504,120400,NULL),(260,'Royal Canadian Collectables, Ltd.','Lincoln','Elizabeth ','(604) 555-4555','23 Tsawassen Blvd.',NULL,'Tsawassen','BC','T2F 8M4','Canada',1323,89600,NULL),(273,'Franken Gifts, Co','Franken','Peter ','089-0877555','Berliner Platz 43',NULL,'MÃ¼nchen',NULL,'80805','Germany',NULL,0,NULL),(276,'Anna\'s Decorations, Ltd','O\'Hara','Anna','02 9936 8555','201 Miller Street','Level 15','North Sydney','NSW','2060','Australia',1611,107800,NULL),(278,'Rovelli Gifts','Rovelli','Giovanni ','035-640555','Via Ludovico il Moro 22',NULL,'Bergamo',NULL,'24100','Italy',1401,119600,NULL),(282,'Souveniers And Things Co.','Huxley','Adrian','+61 2 9495 8555','Monitor Money Building','815 Pacific Hwy','Chatswood','NSW','2067','Australia',1611,93300,NULL),(286,'Marta\'s Replicas Co.','Hernandez','Marta','6175558555','39323 Spinnaker Dr.',NULL,'Cambridge','MA','51247','USA',1216,123700,NULL),(293,'BG&E Collectables','Harrison','Ed','+41 26 425 50 01','Rte des Arsenaux 41 ',NULL,'Fribourg',NULL,'1700','Switzerland',NULL,0,NULL),(298,'Vida Sport, Ltd','Holz','Mihael','0897-034555','Grenzacherweg 237',NULL,'GenÃ¨ve',NULL,'1203','Switzerland',1702,141300,NULL),(299,'Norway Gifts By Mail, Co.','Klaeboe','Jan','+47 2212 1555','Drammensveien 126A','PB 211 Sentrum','Oslo',NULL,'N 0106','Norway  ',1504,95100,NULL),(303,'Schuyler Imports','Schuyler','Bradley','+31 20 491 9555','Kingsfordweg 151',NULL,'Amsterdam',NULL,'1043 GR','Netherlands',NULL,0,NULL),(307,'Der Hund Imports','Andersen','Mel','030-0074555','Obere Str. 57',NULL,'Berlin',NULL,'12209','Germany',NULL,0,NULL),(311,'Oulu Toy Supplies, Inc.','Koskitalo','Pirkko','981-443655','Torikatu 38',NULL,'Oulu',NULL,'90110','Finland',1501,90500,NULL),(314,'Petit Auto','Dewey','Catherine ','(02) 5554 67','Rue Joseph-Bens 532',NULL,'Bruxelles',NULL,'B-1180','Belgium',1401,79900,NULL),(319,'Mini Classics','Frick','Steve','9145554562','3758 North Pendale Street',NULL,'White Plains','NY','24067','USA',1323,102700,NULL),(320,'Mini Creations Ltd.','Huang','Wing','5085559555','4575 Hillside Dr.',NULL,'New Bedford','MA','50553','USA',1188,94500,NULL),(321,'Corporate Gift Ideas Co.','Brown','Julie','6505551386','7734 Strong St.',NULL,'San Francisco','CA','94217','USA',1165,105000,NULL),(323,'Down Under Souveniers, Inc','Graham','Mike','+64 9 312 5555','162-164 Grafton Road','Level 2','Auckland  ',NULL,NULL,'New Zealand',1612,88000,NULL),(324,'Stylish Desk Decors, Co.','Brown','Ann ','(171) 555-0297','35 King George',NULL,'London',NULL,'WX3 6FW','UK',1501,77000,NULL),(328,'Tekni Collectables Inc.','Brown','William','2015559350','7476 Moss Rd.',NULL,'Newark','NJ','94019','USA',1323,43000,NULL),(333,'Australian Gift Network, Co','Calaghan','Ben','61-7-3844-6555','31 Duncan St. West End',NULL,'South Brisbane','Queensland','4101','Australia',1611,51600,NULL),(334,'Suominen Souveniers','Suominen','Kalle','+358 9 8045 555','Software Engineering Center','SEC Oy','Espoo',NULL,'FIN-02271','Finland',1501,98800,NULL),(335,'Cramer SpezialitÃ¤ten, Ltd','Cramer','Philip ','0555-09555','Maubelstr. 90',NULL,'Brandenburg',NULL,'14776','Germany',NULL,0,NULL),(339,'Classic Gift Ideas, Inc','Cervantes','Francisca','2155554695','782 First Street',NULL,'Philadelphia','PA','71270','USA',1188,81100,NULL),(344,'CAF Imports','Fernandez','Jesus','+34 913 728 555','Merchants House','27-30 Merchant\'s Quay','Madrid',NULL,'28023','Spain',1702,59600,NULL),(347,'Men \'R\' US Retailers, Ltd.','Chandler','Brian','2155554369','6047 Douglas Av.',NULL,'Los Angeles','CA','91003','USA',1166,57700,NULL),(348,'Asian Treasures, Inc.','McKenna','Patricia ','2967 555','8 Johnstown Road',NULL,'Cork','Co. Cork',NULL,'Ireland',NULL,0,NULL),(350,'Marseille Mini Autos','Lebihan','Laurence ','91.24.4555','12, rue des Bouchers',NULL,'Marseille',NULL,'13008','France',1337,65000,NULL),(353,'Reims Collectables','Henriot','Paul ','26.47.1555','59 rue de l\'Abbaye',NULL,'Reims',NULL,'51100','France',1337,81100,NULL),(356,'SAR Distributors, Co','Kuger','Armand','+27 21 550 3555','1250 Pretorius Street',NULL,'Hatfield','Pretoria','0028','South Africa',NULL,0,NULL),(357,'GiftsForHim.com','MacKinlay','Wales','64-9-3763555','199 Great North Road',NULL,'Auckland',NULL,NULL,'New Zealand',1612,77700,NULL),(361,'Kommission Auto','Josephs','Karin','0251-555259','Luisenstr. 48',NULL,'MÃ¼nster',NULL,'44087','Germany',NULL,0,NULL),(362,'Gifts4AllAges.com','Yoshido','Juri','6175559555','8616 Spinnaker Dr.',NULL,'Boston','MA','51003','USA',1216,41900,NULL),(363,'Online Diecast Creations Co.','Young','Dorothy','6035558647','2304 Long Airport Avenue',NULL,'Nashua','NH','62005','USA',1216,114200,NULL),(369,'Lisboa Souveniers, Inc','Rodriguez','Lino ','(1) 354-2555','Jardim das rosas n. 32',NULL,'Lisboa',NULL,'1675','Portugal',NULL,0,NULL),(376,'Precious Collectables','Urs','Braun','0452-076555','Hauptstr. 29',NULL,'Bern',NULL,'3012','Switzerland',1702,0,NULL),(379,'Collectables For Less Inc.','Nelson','Allen','6175558555','7825 Douglas Av.',NULL,'Brickhaven','MA','58339','USA',1188,70700,NULL),(381,'Royale Belge','Cartrain','Pascale ','(071) 23 67 2555','Boulevard Tirou, 255',NULL,'Charleroi',NULL,'B-6000','Belgium',1401,23500,NULL),(382,'Salzburg Collectables','Pipps','Georg ','6562-9555','Geislweg 14',NULL,'Salzburg',NULL,'5020','Austria',1401,71700,NULL),(385,'Cruz & Sons Co.','Cruz','Arnold','+63 2 555 3587','15 McCallum Street','NatWest Center #13-03','Makati City',NULL,'1227 MM','Philippines',1621,81500,NULL),(386,'L\'ordine Souveniers','Moroni','Maurizio ','0522-556555','Strada Provinciale 124',NULL,'Reggio Emilia',NULL,'42100','Italy',1401,121400,NULL),(398,'Tokyo Collectables, Ltd','Shimamura','Akiko','+81 3 3584 0555','2-2-8 Roppongi',NULL,'Minato-ku','Tokyo','106-0032','Japan',1621,94400,NULL),(406,'Auto Canal+ Petit','Perrier','Dominique','(1) 47.55.6555','25, rue Lauriston',NULL,'Paris',NULL,'75016','France',1337,95000,NULL),(409,'Stuttgart Collectable Exchange','MÃ¼ller','Rita ','0711-555361','Adenauerallee 900',NULL,'Stuttgart',NULL,'70563','Germany',NULL,0,NULL),(412,'Extreme Desk Decorations, Ltd','McRoy','Sarah','04 499 9555','101 Lambton Quay','Level 11','Wellington',NULL,NULL,'New Zealand',1612,86800,NULL),(415,'Bavarian Collectables Imports, Co.','Donnermeyer','Michael',' +49 89 61 08 9555','Hansastr. 15',NULL,'Munich',NULL,'80686','Germany',1504,77000,NULL),(424,'Classic Legends Inc.','Hernandez','Maria','2125558493','5905 Pompton St.','Suite 750','NYC','NY','10022','USA',1286,67500,NULL),(443,'Feuer Online Stores, Inc','Feuer','Alexander ','0342-555176','Heerstr. 22',NULL,'Leipzig',NULL,'04179','Germany',NULL,0,NULL),(447,'Gift Ideas Corp.','Lewis','Dan','2035554407','2440 Pompton St.',NULL,'Glendale','CT','97561','USA',1323,49700,NULL),(448,'Scandinavian Gift Ideas','Larsson','Martha','0695-34 6555','Ã…kergatan 24',NULL,'BrÃ¤cke',NULL,'S-844 67','Sweden',1504,116400,NULL),(450,'The Sharp Gifts Warehouse','Frick','Sue','4085553659','3086 Ingle Ln.',NULL,'San Jose','CA','94217','USA',1165,77600,NULL),(452,'Mini Auto Werke','Mendel','Roland ','7675-3555','Kirchgasse 6',NULL,'Graz',NULL,'8010','Austria',1401,45300,NULL),(455,'Super Scale Inc.','Murphy','Leslie','2035559545','567 North Pendale Street',NULL,'New Haven','CT','97823','USA',1286,95400,NULL),(456,'Microscale Inc.','Choi','Yu','2125551957','5290 North Pendale Street','Suite 200','NYC','NY','10022','USA',1286,39800,NULL),(458,'Corrida Auto Replicas, Ltd','Sommer','MartÃ­n ','(91) 555 22 82','C/ Araquil, 67',NULL,'Madrid',NULL,'28023','Spain',1702,104600,NULL),(459,'Warburg Exchange','Ottlieb','Sven ','0241-039123','Walserweg 21',NULL,'Aachen',NULL,'52066','Germany',NULL,0,NULL),(462,'FunGiftIdeas.com','Benitez','Violeta','5085552555','1785 First Street',NULL,'New Bedford','MA','50553','USA',1216,85800,NULL),(465,'Anton Designs, Ltd.','Anton','Carmen','+34 913 728555','c/ Gobelas, 19-1 Urb. La Florida',NULL,'Madrid',NULL,'28023','Spain',NULL,0,NULL),(471,'Australian Collectables, Ltd','Clenahan','Sean','61-9-3844-6555','7 Allen Street',NULL,'Glen Waverly','Victoria','3150','Australia',1611,60300,NULL),(473,'Frau da Collezione','Ricotti','Franco','+39 022515555','20093 Cologno Monzese','Alessandro Volta 16','Milan',NULL,NULL,'Italy',1401,34800,NULL),(475,'West Coast Collectables Co.','Thompson','Steve','3105553722','3675 Furth Circle',NULL,'Burbank','CA','94019','USA',1166,55400,NULL),(477,'Mit VergnÃ¼gen & Co.','Moos','Hanna ','0621-08555','Forsterstr. 57',NULL,'Mannheim',NULL,'68306','Germany',NULL,0,NULL),(480,'Kremlin Collectables, Co.','Semenov','Alexander ','+7 812 293 0521','2 Pobedy Square',NULL,'Saint Petersburg',NULL,'196143','Russia',NULL,0,NULL),(481,'Raanan Stores, Inc','Altagar,G M','Raanan','+ 972 9 959 8555','3 Hagalim Blv.',NULL,'Herzlia',NULL,'47625','Israel',NULL,0,NULL),(484,'Iberia Gift Imports, Corp.','Roel','JosÃ© Pedro ','(95) 555 82 82','C/ Romero, 33',NULL,'Sevilla',NULL,'41101','Spain',1702,65700,NULL),(486,'Motor Mint Distributors Inc.','Salazar','Rosa','2155559857','11328 Douglas Av.',NULL,'Philadelphia','PA','71270','USA',1323,72600,NULL),(487,'Signal Collectibles Ltd.','Taylor','Sue','4155554312','2793 Furth Circle',NULL,'Brisbane','CA','94217','USA',1165,60300,NULL),(489,'Double Decker Gift Stores, Ltd','Smith','Thomas ','(171) 555-7555','120 Hanover Sq.',NULL,'London',NULL,'WA1 1DP','UK',1501,43300,NULL),(495,'Diecast Collectables','Franco','Valarie','6175552555','6251 Ingle Ln.',NULL,'Boston','MA','51003','USA',1188,85100,NULL),(496,'Kelly\'s Gift Shop','Snowden','Tony','+64 9 5555500','Arenales 1938 3\'A\'',NULL,'Auckland  ',NULL,NULL,'New Zealand',1612,110000,NULL);
/*!40000 ALTER TABLE `customers` ENABLE KEYS */;
UNLOCK TABLES;

--
-- Table structure for table `instructor`
--

DROP TABLE IF EXISTS `instructor`;
/*!40101 SET @saved_cs_client     = @@character_set_client */;
/*!40101 SET character_set_client = utf8 */;
CREATE TABLE `instructor` (
  `instructorID` int(11) NOT NULL AUTO_INCREMENT,
  `firstName` varchar(30) NOT NULL,
  `lastName` varchar(30) NOT NULL,
  PRIMARY KEY (`instructorID`)
) ENGINE=MyISAM AUTO_INCREMENT=6 DEFAULT CHARSET=latin1;
/*!40101 SET character_set_client = @saved_cs_client */;

--
-- Dumping data for table `instructor`
--

LOCK TABLES `instructor` WRITE;
/*!40000 ALTER TABLE `instructor` DISABLE KEYS */;
INSERT INTO `instructor` VALUES (1,'Joe','Francom'),(2,'Bart','Stander'),(3,'Curtis','Larsen'),(4,'Lemon','Snickets'),(5,'Russ','Ross');
/*!40000 ALTER TABLE `instructor` ENABLE KEYS */;
UNLOCK TABLES;

--
-- Table structure for table `location`
--

DROP TABLE IF EXISTS `location`;
/*!40101 SET @saved_cs_client     = @@character_set_client */;
/*!40101 SET character_set_client = utf8 */;
CREATE TABLE `location` (
  `locationID` int(11) NOT NULL AUTO_INCREMENT,
  `Location` varchar(10) NOT NULL,
  PRIMARY KEY (`locationID`)
) ENGINE=MyISAM AUTO_INCREMENT=6 DEFAULT CHARSET=latin1;
/*!40101 SET character_set_client = @saved_cs_client */;

--
-- Dumping data for table `location`
--

LOCK TABLES `location` WRITE;
/*!40000 ALTER TABLE `location` DISABLE KEYS */;
INSERT INTO `location` VALUES (1,'hazy 119'),(2,'hazy 120'),(3,'hazy 204'),(4,'MCD 111'),(5,'Jen 207');
/*!40000 ALTER TABLE `location` ENABLE KEYS */;
UNLOCK TABLES;

--
-- Table structure for table `login`
--

DROP TABLE IF EXISTS `login`;
/*!40101 SET @saved_cs_client     = @@character_set_client */;
/*!40101 SET character_set_client = utf8 */;
CREATE TABLE `login` (
  `username` varchar(20) NOT NULL,
  `password` varchar(128) NOT NULL,
  PRIMARY KEY (`username`)
) ENGINE=MyISAM DEFAULT CHARSET=latin1;
/*!40101 SET character_set_client = @saved_cs_client */;

--
-- Dumping data for table `login`
--

LOCK TABLES `login` WRITE;
/*!40000 ALTER TABLE `login` DISABLE KEYS */;
INSERT INTO `login` VALUES ('joe','joG.hyWgzWwzg');
/*!40000 ALTER TABLE `login` ENABLE KEYS */;
UNLOCK TABLES;

--
-- Table structure for table `news`
--

DROP TABLE IF EXISTS `news`;
/*!40101 SET @saved_cs_client     = @@character_set_client */;
/*!40101 SET character_set_client = utf8 */;
CREATE TABLE `news` (
  `id` int(11) NOT NULL AUTO_INCREMENT,
  `title` varchar(128) NOT NULL,
  `slug` varchar(128) NOT NULL,
  `text` text NOT NULL,
  PRIMARY KEY (`id`),
  KEY `slug` (`slug`)
) ENGINE=MyISAM AUTO_INCREMENT=8 DEFAULT CHARSET=latin1;
/*!40101 SET character_set_client = @saved_cs_client */;

--
-- Dumping data for table `news`
--

LOCK TABLES `news` WRITE;
/*!40000 ALTER TABLE `news` DISABLE KEYS */;
/*!40000 ALTER TABLE `news` ENABLE KEYS */;
UNLOCK TABLES;

--
-- Table structure for table `posts`
--

DROP TABLE IF EXISTS `posts`;
/*!40101 SET @saved_cs_client     = @@character_set_client */;
/*!40101 SET character_set_client = utf8 */;
CREATE TABLE `posts` (
  `id` int(10) unsigned NOT NULL AUTO_INCREMENT,
  `title` varchar(50) DEFAULT NULL,
  `body` text,
  `created` datetime DEFAULT NULL,
  `modified` datetime DEFAULT NULL,
  PRIMARY KEY (`id`)
) ENGINE=MyISAM AUTO_INCREMENT=5 DEFAULT CHARSET=latin1;
/*!40101 SET character_set_client = @saved_cs_client */;

--
-- Dumping data for table `posts`
--

LOCK TABLES `posts` WRITE;
/*!40000 ALTER TABLE `posts` DISABLE KEYS */;
INSERT INTO `posts` VALUES (1,'The title','This is the post body.','2012-02-28 08:03:05',NULL),(2,'A title once again','And the post body follows.','2012-02-28 08:03:05',NULL),(3,'Title strikes back','This is really exciting! Not.','2012-02-28 08:03:06',NULL),(4,'new pst 1','coolness','2012-02-28 08:35:48','2012-02-28 08:35:48');
/*!40000 ALTER TABLE `posts` ENABLE KEYS */;
UNLOCK TABLES;

--
-- Table structure for table `registration`
--

DROP TABLE IF EXISTS `registration`;
/*!40101 SET @saved_cs_client     = @@character_set_client */;
/*!40101 SET character_set_client = utf8 */;
CREATE TABLE `registration` (
  `studentID` int(11) NOT NULL DEFAULT '0',
  `sectionID` int(4) NOT NULL,
  `letterGrade` char(2) DEFAULT 'A+',
  PRIMARY KEY (`studentID`,`sectionID`)
) ENGINE=MyISAM DEFAULT CHARSET=latin1;
/*!40101 SET character_set_client = @saved_cs_client */;

--
-- Dumping data for table `registration`
--

LOCK TABLES `registration` WRITE;
/*!40000 ALTER TABLE `registration` DISABLE KEYS */;
INSERT INTO `registration` VALUES (1,1,'A+'),(1,3,'A+'),(2,2,'A+'),(2,1,'A+'),(2,3,'A+');
/*!40000 ALTER TABLE `registration` ENABLE KEYS */;
UNLOCK TABLES;

--
-- Table structure for table `section`
--

DROP TABLE IF EXISTS `section`;
/*!40101 SET @saved_cs_client     = @@character_set_client */;
/*!40101 SET character_set_client = utf8 */;
CREATE TABLE `section` (
  `sectionID` int(4) NOT NULL AUTO_INCREMENT,
  `sectionNum` int(3) NOT NULL DEFAULT '0',
  `courseID` varchar(6) NOT NULL,
  `instructorID` int(3) DEFAULT NULL,
  `locationID` varchar(5) DEFAULT NULL,
  PRIMARY KEY (`sectionID`)
) ENGINE=MyISAM AUTO_INCREMENT=13 DEFAULT CHARSET=latin1;
/*!40101 SET character_set_client = @saved_cs_client */;

--
-- Dumping data for table `section`
--

LOCK TABLES `section` WRITE;
/*!40000 ALTER TABLE `section` DISABLE KEYS */;
INSERT INTO `section` VALUES (1,1,'it2400',1,'2'),(2,1,'cs1400',1,'2'),(3,2,'it2400',1,'2'),(4,1,'it4200',1,'2'),(5,1,'cs4990',2,'1'),(6,1,'cs4990',2,'1'),(7,1,'cs1410',1,'2'),(8,1,'it4400',2,'2'),(9,2,'it4400',2,'2'),(10,3,'ENGL 2',3,'1'),(11,4,'VT 140',2,'3'),(12,3,'CS4990',2,'2');
/*!40000 ALTER TABLE `section` ENABLE KEYS */;
UNLOCK TABLES;

--
-- Table structure for table `students`
--

DROP TABLE IF EXISTS `students`;
/*!40101 SET @saved_cs_client     = @@character_set_client */;
/*!40101 SET character_set_client = utf8 */;
CREATE TABLE `students` (
  `student_id` int(6) NOT NULL AUTO_INCREMENT,
  `name` varchar(30) NOT NULL,
  `email` varchar(50) NOT NULL,
  PRIMARY KEY (`student_id`)
) ENGINE=MyISAM AUTO_INCREMENT=129 DEFAULT CHARSET=latin1;
/*!40101 SET character_set_client = @saved_cs_client */;

--
-- Dumping data for table `students`
--

LOCK TABLES `students` WRITE;
/*!40000 ALTER TABLE `students` DISABLE KEYS */;
INSERT INTO `students` VALUES (1,'sally','foo@bar.com'),(2,'billy','foo@bar.com'),(3,'steve','steve@zoo.com'),(4,'archie','c00kym0nster@foobar.com'),(5,'beelzebub','luke@hades.com'),(6,'asdf','bb@c.om'),(7,'asdf','bb@c.om'),(8,'asdf','bb@c.om'),(9,'asdf','bb@c.om'),(10,'asdf','bb@c.om'),(11,'asdf','bb@c.om'),(12,'asdf','bb@c.om'),(13,'asdf','bb@c.om'),(14,'asdf','bb@c.om'),(15,'asdf','bb@c.om'),(16,'asdf','bb@c.om'),(17,'asdf','bb@c.om'),(18,'asdf','bb@c.om'),(19,'asdf','bb@c.om'),(20,'asdf','bb@c.om'),(21,'asdf','bb@c.om'),(22,'asdf','bb@c.om'),(23,'asdf','bb@c.om'),(24,'asdf','bb@c.om'),(25,'asdf','bb@c.om'),(26,'asdf','bb@c.om'),(27,'asdf','bb@c.om'),(28,'asdf','bb@c.om'),(29,'asdf','bb@c.om'),(30,'asdf','bb@c.om'),(31,'asdf','bb@c.om'),(32,'asdf','bb@c.om'),(33,'asdf','bb@c.om'),(34,'asdf','bb@c.om'),(35,'asdf','bb@c.om'),(36,'asdf','bb@c.om'),(37,'asdf','bb@c.om'),(38,'asdf','bb@c.om'),(39,'asdf','bb@c.om'),(40,'asdf','bb@c.om'),(41,'asdf','bb@c.om'),(42,'asdf','bb@c.om'),(43,'asdf','bb@c.om'),(44,'asdf','bb@c.om'),(45,'asdf','bb@c.om'),(46,'asdf','bb@c.om'),(47,'asdf','bb@c.om'),(48,'asdf','bb@c.om'),(49,'asdf','bb@c.om'),(50,'asdf','bb@c.om'),(51,'asdf','bb@c.om'),(52,'asdf','bb@c.om'),(53,'Reykjavik Tokavich','reykjavik@icemail.com'),(54,'asdf','bb@c.om'),(55,'asdf','bb@c.om'),(56,'asdf','bb@c.om'),(57,'asdf','bb@c.om'),(58,'asdf','bb@c.om'),(59,'asdf','bb@c.om'),(60,'asdf','bb@c.om'),(61,'asdf','bb@c.om'),(62,'asdf','bb@c.om'),(63,'fred','fred@email.com'),(64,'asdf','bb@c.om'),(65,'asdf','bb@c.om'),(66,'Stephen','whatevs@gmail.com'),(67,'asdf','bb@c.om'),(68,'asdf','bb@c.om'),(69,'asdf','bb@c.om'),(70,'asdf','bb@c.om'),(71,'asdf','bb@c.om'),(72,'asdf','bb@c.om'),(73,'Eric','es@email.com'),(74,'asdf','bb@c.om'),(75,'asdf','bb@c.om'),(76,'asdf','bb@c.om'),(77,'asdf','bb@c.om'),(78,'Kynzie','mekynzie.jensen@gmail.com'),(79,'asdf','bb@c.om'),(80,'Scott','scott@gmail.com'),(81,'asdf','bb@c.om'),(82,'asdf','bb@c.om'),(83,'asdf','bb@c.om'),(84,'Brandon','nygard@dixie.edu'),(85,'asdf','bb@c.om'),(86,'asdf','bb@c.om'),(87,'asdf','bb@c.om'),(88,'asdf','bb@c.om'),(89,'asdf','bb@c.om'),(90,'asdf','bb@c.om'),(91,'Kynzie','mekynzie.jensen@gmail.com'),(92,'asdf','bb@c.om'),(93,'trent','trentonipson@gmail.com'),(94,'asdf','bb@c.om'),(95,'Scott','scott@gmail.com'),(96,'asdf','bb@c.om'),(97,'Scott','scott@gmail.com'),(98,'asdf','bb@c.om'),(99,'trent','trentonipson@gmail.com'),(100,'asdf','bb@c.om'),(101,'asdf','bb@c.om'),(102,'asdf','bb@c.om'),(103,'asdf','bb@c.om'),(104,'asdf','bb@c.om'),(105,'asdf','bb@c.om'),(106,'preston','pwag42@gmail.com'),(107,'asdf','bb@c.om'),(108,'asdf','bb@c.om'),(109,'asdf','bb@c.om'),(110,'joe','joe@joe.com'),(111,'asdf','bb@c.om'),(112,'asdf','bb@c.om'),(113,'Scott','scott@gmail.com'),(114,'asdf','bb@c.om'),(115,'asdf','bb@c.om'),(116,'Eric Beilmann','ebeilmann@dixie.edu'),(117,'asdf','bb@c.om'),(118,'joe','email@foo.com'),(119,'joe','email@foo.com'),(120,'joe','email@foo.com'),(121,'joe','email@foo.com'),(122,'joe','email@foo.com'),(123,'joe','email@foo.com'),(124,'joe','email@foo.com'),(125,'joe','email@foo.com'),(126,'joe','email@foo.com'),(127,'joe','email@foo.com'),(128,'joe','email@foo.com');
/*!40000 ALTER TABLE `students` ENABLE KEYS */;
UNLOCK TABLES;

--
-- Table structure for table `students2`
--

DROP TABLE IF EXISTS `students2`;
/*!40101 SET @saved_cs_client     = @@character_set_client */;
/*!40101 SET character_set_client = utf8 */;
CREATE TABLE `students2` (
  `student_id` int(6) NOT NULL AUTO_INCREMENT,
  `name` varchar(30) NOT NULL,
  `email` varchar(50) NOT NULL,
  PRIMARY KEY (`student_id`)
) ENGINE=MyISAM AUTO_INCREMENT=127 DEFAULT CHARSET=latin1;
/*!40101 SET character_set_client = @saved_cs_client */;

--
-- Dumping data for table `students2`
--

LOCK TABLES `students2` WRITE;
/*!40000 ALTER TABLE `students2` DISABLE KEYS */;
INSERT INTO `students2` VALUES (1,'sally','s@lly.com'),(2,'billy','billy@billy.com'),(3,'steve','steve@zoo.com'),(4,'archie','c00kym0nster@foobar.com'),(5,'beelzebub','luke@hades.com'),(6,'asdf','bb@c.om');
/*!40000 ALTER TABLE `students2` ENABLE KEYS */;
UNLOCK TABLES;
/*!40103 SET TIME_ZONE=@OLD_TIME_ZONE */;

/*!40101 SET SQL_MODE=@OLD_SQL_MODE */;
/*!40014 SET FOREIGN_KEY_CHECKS=@OLD_FOREIGN_KEY_CHECKS */;
/*!40014 SET UNIQUE_CHECKS=@OLD_UNIQUE_CHECKS */;
/*!40101 SET CHARACTER_SET_CLIENT=@OLD_CHARACTER_SET_CLIENT */;
/*!40101 SET CHARACTER_SET_RESULTS=@OLD_CHARACTER_SET_RESULTS */;
/*!40101 SET COLLATION_CONNECTION=@OLD_COLLATION_CONNECTION */;
/*!40111 SET SQL_NOTES=@OLD_SQL_NOTES */;

-- Dump completed on 2013-09-26 13:07:59
