-- MySQL dump 10.13  Distrib 5.5.32, for debian-linux-gnu (x86_64)
--
-- Host: localhost    Database: gophp
-- ------------------------------------------------------
-- Server version	5.5.32-0ubuntu0.12.04.1

/*!40101 SET @OLD_CHARACTER_SET_CLIENT=@@CHARACTER_SET_CLIENT */;
/*!40101 SET @OLD_CHARACTER_SET_RESULTS=@@CHARACTER_SET_RESULTS */;
/*!40101 SET @OLD_COLLATION_CONNECTION=@@COLLATION_CONNECTION */;
/*!40101 SET NAMES utf8 */;
/*!40103 SET @OLD_TIME_ZONE=@@TIME_ZONE */;
/*!40103 SET TIME_ZONE='+00:00' */;
/*!40014 SET @OLD_UNIQUE_CHECKS=@@UNIQUE_CHECKS, UNIQUE_CHECKS=0 */;
/*!40014 SET @OLD_FOREIGN_KEY_CHECKS=@@FOREIGN_KEY_CHECKS, FOREIGN_KEY_CHECKS=0 */;
/*!40101 SET @OLD_SQL_MODE=@@SQL_MODE, SQL_MODE='NO_AUTO_VALUE_ON_ZERO' */;
/*!40111 SET @OLD_SQL_NOTES=@@SQL_NOTES, SQL_NOTES=0 */;

--
-- Table structure for table `php_console_input`
--

DROP TABLE IF EXISTS `php_console_input`;
/*!40101 SET @saved_cs_client     = @@character_set_client */;
/*!40101 SET character_set_client = utf8 */;
CREATE TABLE `php_console_input` (
  `input_id` int(11) NOT NULL AUTO_INCREMENT,
  `value1` varchar(20) NOT NULL,
  `value2` varchar(20) NOT NULL,
  `value3` varchar(20) NOT NULL,
  `value4` varchar(20) NOT NULL,
  PRIMARY KEY (`input_id`)
) ENGINE=InnoDB DEFAULT CHARSET=latin1;
/*!40101 SET character_set_client = @saved_cs_client */;

--
-- Dumping data for table `php_console_input`
--

LOCK TABLES `php_console_input` WRITE;
/*!40000 ALTER TABLE `php_console_input` DISABLE KEYS */;
/*!40000 ALTER TABLE `php_console_input` ENABLE KEYS */;
UNLOCK TABLES;

--
-- Table structure for table `php_console_person`
--

DROP TABLE IF EXISTS `php_console_person`;
/*!40101 SET @saved_cs_client     = @@character_set_client */;
/*!40101 SET character_set_client = utf8 */;
CREATE TABLE `php_console_person` (
  `username` varchar(20) NOT NULL DEFAULT '',
  `fname` varchar(20) DEFAULT NULL,
  `lname` varchar(30) DEFAULT NULL,
  `role_id` int(11) NOT NULL,
  PRIMARY KEY (`username`),
  KEY `role_id` (`role_id`),
  CONSTRAINT `php_console_person_ibfk_1` FOREIGN KEY (`role_id`) REFERENCES `php_console_roles` (`role_id`) ON DELETE CASCADE ON UPDATE CASCADE
) ENGINE=InnoDB DEFAULT CHARSET=latin1;
/*!40101 SET character_set_client = @saved_cs_client */;

--
-- Dumping data for table `php_console_person`
--

LOCK TABLES `php_console_person` WRITE;
/*!40000 ALTER TABLE `php_console_person` DISABLE KEYS */;
INSERT INTO `php_console_person` VALUES ('acook','Andrew','Cook',1),('cfawcett','Caleb','Fawcett',1),('d0081926','Glenn','Osness',1),('d0081939','Kyle','Jackson',1),('d0168843','Michael','Lee',1),('d0189090','Christopher','Lebaron',1),('d0198042','Cody','Brown',1),('d0198249','Jeffrey','Thorup',1),('d0230302','Sui','Tung',1),('dhulet','David','Hulet',1),('elewis','Eric','Lewis',1),('ethompson','Elizabeth','Thompson',1),('gpatel','Guarav','Patel',1),('jfrancom','Joe','Francom',2),('jhope','Justin','Hope',1),('jporter','Jeffrey','Porter',1),('klopez','Kari','Lopez',1),('mmanwaring','Miles','Manwaring',1),('mpotter','Michael','Potter',1),('mspeener','Mark','Speener',1),('sburk','Scott','Burk',1);
/*!40000 ALTER TABLE `php_console_person` ENABLE KEYS */;
UNLOCK TABLES;

--
-- Table structure for table `php_console_person_question`
--

DROP TABLE IF EXISTS `php_console_person_question`;
/*!40101 SET @saved_cs_client     = @@character_set_client */;
/*!40101 SET character_set_client = utf8 */;
CREATE TABLE `php_console_person_question` (
  `student_id` varchar(20) NOT NULL DEFAULT '',
  `question_id` int(11) NOT NULL,
  `num_attempts` int(11) NOT NULL DEFAULT '0',
  `last_modified` timestamp NOT NULL DEFAULT CURRENT_TIMESTAMP,
  `correct` tinyint(1) NOT NULL DEFAULT '0',
  `code` text NOT NULL,
  PRIMARY KEY (`student_id`,`question_id`),
  KEY `question_id` (`question_id`),
  CONSTRAINT `php_console_person_question_ibfk_1` FOREIGN KEY (`question_id`) REFERENCES `php_console_questions` (`question_id`) ON DELETE CASCADE ON UPDATE CASCADE,
  CONSTRAINT `php_console_person_question_ibfk_2` FOREIGN KEY (`student_id`) REFERENCES `php_console_person` (`username`) ON DELETE CASCADE ON UPDATE CASCADE
) ENGINE=InnoDB DEFAULT CHARSET=latin1;
/*!40101 SET character_set_client = @saved_cs_client */;

--
-- Dumping data for table `php_console_person_question`
--

LOCK TABLES `php_console_person_question` WRITE;
/*!40000 ALTER TABLE `php_console_person_question` DISABLE KEYS */;
INSERT INTO `php_console_person_question` VALUES ('acook',1,1,'2013-09-13 22:37:31',1,'$_SESSION[\'test\'] = \'steve\';'),('acook',3,1,'2013-09-14 17:51:19',0,'$qry = \'SELECT FROM students *\''),('acook',4,3,'2013-08-28 18:08:09',1,'echo \'Hello \' . \'World\';'),('acook',5,6,'2013-09-11 18:24:39',1,'function x($a,$b) {\n    return $a + $b;\n}'),('acook',32,1,'2013-08-28 18:12:03',1,'echo \'hello wor\';'),('acook',33,1,'2013-09-14 02:26:47',1,'function x($a,$b,$c) {\n    return $a+$b+$c;\n}'),('acook',35,1,'2013-08-28 18:12:19',1,'echo 673;'),('acook',36,23,'2013-09-13 22:56:05',1,'$_SESSION[\'names\'] = array\n    (\n    1 => \'tom\',\n	2 => \'fred\',\n	3 => \'steve\'\n    );'),('acook',37,7,'2013-09-14 00:14:44',1,'function x() {\n    return date(\'l h:i\');\n}'),('acook',38,6,'2013-09-11 18:27:02',1,'$_SESSION[\'curdate\'] = date(\'M d, h:i\');'),('acook',39,3,'2013-08-28 18:14:14',1,'for ($i=1; $i<=100; $i++)\n  {\n  echo \"$i<br>\";\n  }\n'),('acook',40,23,'2013-09-13 22:35:13',1,'function x() {\n    return \"Hello World\";\n}'),('acook',41,6,'2013-09-14 00:49:50',1,'function x() {\n    return $_SERVER[\'REMOTE_ADDR\'];\n}'),('acook',75,5,'2013-08-28 18:17:14',1,'\nfor ($x=0; $x<=100; $x++)\n  {\n  if($x % 2 != 0) {echo $x.\'<br>\';}\n  }\n'),('acook',76,32,'2013-08-28 18:20:48',1,'for ($x=0; $x<=99; $x++)\n  {\n  echo \'hi\'. \'<br />\';\n  }\n'),('acook',77,4,'2013-09-07 16:43:48',1,'for ($i=100;$i!=0;$i--)\n{\n    echo $i . \'<br/>\';\n}'),('acook',78,11,'2013-09-07 21:50:08',1,'echo date(\'H:i\');'),('acook',79,4,'2013-09-07 22:27:31',0,'include_once(./app/foo.inc);'),('acook',80,3,'2013-09-07 22:18:05',1,'include_once (\'app/vars.php\');\n$a = 7;\n$b = 6;\necho $a + $b;'),('acook',81,3,'2013-09-13 22:50:04',1,'$list = array();\nfor ($i=1; $i < 101; $i++)\n{\n  $list[$i] = $i;  \n}\n$_SESSION[\'nums\'] = $list;'),('acook',86,1,'2013-09-14 02:15:55',1,'function x($int) {\n    if (is_numeric($int))\n    {\n        $response = ($int % 2 == 0) ? \'even\' : \'odd\';\n    	return $response;\n    }\n    else \n    {\n    	return \'not a number\';\n    }\n}'),('acook',88,1,'2013-09-14 02:25:41',1,'function x($str) {\n    $text = (string)$str;\n	return strlen($str);\n\n}'),('acook',89,4,'2013-09-14 02:28:29',1,'function x($a,$b,$c) {\n	$result = (string)$a. (string)$b. (string)$c;\n    return $result;\n}'),('acook',90,2,'2013-09-14 02:39:45',1,'function x($a,$b,$c) {\n    if ( !is_string($a) ) { return \'foo\';}\n    if ( !is_string($a) ) { return \'foo\';}\n    if ( !is_string($a) ) { return \'foo\';}\n    return $a.$b.$c;\n}'),('acook',91,12,'2013-09-14 02:43:20',1,'function x($a,$b) {\n    if (is_float($a) && is_float($b))\n    {        \n        $result = $a * $b;\n        $result = number_format($result, 2);\n    }\n    else\n    { \n        $result = \'Nothing\';        \n    }\n	return $result;\n}'),('acook',92,11,'2013-09-14 03:04:08',1,' function x($a,$b,$c) {\n    $vars = array($a, $b, $c);\n    foreach ($vars as $key => $value) \n    {\n        if ( !is_string($value)) \n    	{\n    		return \'None\';\n    	}\n    }\n    $list = array($a => strlen($a), $b => strlen($b), $c => strlen($c));\n    return $list;    \n}\n'),('acook',93,4,'2013-09-14 02:39:29',1,'function x() {\n    $ary = array();\n    for ($i = 1; $i < 20; $i+=2 ) {\n    $ary[$i] = $i *$i;\n    }\n    return $ary;\n}'),('cfawcett',1,2,'2013-09-12 17:37:14',1,'\n$_SESSION[\'test\'] = \"steve\";'),('cfawcett',4,2,'2013-08-28 18:08:43',1,'echo \"Hello World\";'),('cfawcett',5,1,'2013-09-16 18:07:09',1,'function a($a, $b){\n    return $a +$b;\n}'),('cfawcett',32,2,'2013-09-04 17:57:05',1,'echo \"hello wor\";'),('cfawcett',33,2,'2013-09-18 06:23:02',1,'function a($a, $b, $c){\n    return $a+$b+$c;\n}'),('cfawcett',35,1,'2013-09-04 17:57:30',1,'echo 673;'),('cfawcett',36,12,'2013-09-12 17:50:11',1,'$names = array(1=>\'tom\', 2=>\'fred\', 3=>\'steve\');\n$_SESSION[\'names\'] = $names;'),('cfawcett',37,9,'2013-09-18 07:41:45',1,'function a (){\n    return date(\"l H:i\");\n}'),('cfawcett',38,5,'2013-09-12 17:47:20',1,'$_SESSION[\'curdate\'] = date(\"M j, H:i\");'),('cfawcett',39,12,'2013-09-04 17:58:54',1,'$x = 1;\nwhile ($x <= 100){\n    echo $x . \'<br/>\';\n    $x += 1;\n}'),('cfawcett',40,1,'2013-09-18 07:45:40',1,'function a (){\n    return \"Hello World\";\n}'),('cfawcett',41,1,'2013-09-18 06:32:52',1,'function a (){\n    return $_SERVER[\'REMOTE_ADDR\'];\n}'),('cfawcett',75,1,'2013-09-04 18:04:19',1,'$x = 1;\nwhile ($x <= 100){\n    echo $x . \'<br/>\';\n    $x += 2;\n}'),('cfawcett',76,6,'2013-09-04 18:04:51',1,'$x = 1;\nwhile ($x <= 100){\n    echo \'hi\'. \'<br />\';\n    $x += 1;\n}'),('cfawcett',77,1,'2013-09-04 18:03:33',1,'$x = 100;\nwhile ($x >= 1){\n    echo $x . \'<br/>\';\n    $x -= 1;\n}'),('cfawcett',78,5,'2013-09-04 18:09:59',1,'echo date(\"G:i\");'),('cfawcett',81,8,'2013-09-16 18:11:01',1,'$nums = array();\nfor($i=1;$i<=100;$i++){\n    $nums[$i] = $i;\n}\n$_SESSION[\'nums\'] = $nums;'),('cfawcett',86,9,'2013-09-18 06:57:32',1,'function a ($a){\n    if (!is_numeric($a)){\n        return \"not a number\";\n    }\n    else{\n        if ($a%2 == 0){\n        return \"even\";\n        }\n        return \"odd\";\n    }\n   \n}'),('cfawcett',88,2,'2013-09-18 07:51:34',1,'function a ($a){\n    $b = (string)$a;\n    return strlen($b);\n}'),('cfawcett',89,4,'2013-09-18 07:53:41',1,'function a ($a, $b, $c){\n    $astr = (string)$a;\n    $bstr = (string)$b;\n    $cstr = (string)$c;\n    return \"$astr\".  \"$bstr\".  \"$cstr\";\n}'),('cfawcett',90,1,'2013-09-18 07:58:35',1,'function a ($a, $b, $c){\r\n    if (is_string($a) && is_string($b) && is_string($c)){\r\n        return \"$a\".  \"$b\".  \"$c\";\r\n    }\r\n    return \"foo\";\r\n}'),('cfawcett',91,6,'2013-09-18 08:04:09',1,'function a ($a, $b){\n    if(is_float($a) && is_float($b)){\n        $c = round($a * $b,2);\n        return $c;\n    }\n    else{\n        return \"Nothing\";\n    }\n    \n    \n}'),('cfawcett',92,2,'2013-09-18 08:08:20',1,'function a ($a, $b, $c){\n     if (is_string($a) && is_string($b) && is_string($c)){\n        $strarray = array($a=>strlen($a), $b=>strlen($b), $c=>strlen($c));\n        return $strarray;\n    }\n    else{\n        return \"None\";\n    }\n}'),('cfawcett',93,8,'2013-09-18 08:22:03',1,'function a (){\n    $odds = array();\n    for($i = 1; $i <= 20; $i+=2){\n        $odds[$i] = pow($i,2);\n        \n    }\n    return $odds;\n}'),('d0081926',1,4,'2013-09-18 21:29:20',1,'$_SESSION[\'test\'] = \"steve\";'),('d0081926',4,1,'2013-08-28 18:07:45',1,'echo \"Hello World\";'),('d0081926',5,1,'2013-09-16 18:07:13',1,'function s($a,$b){\n    return $a+$b;\n}'),('d0081926',32,2,'2013-08-28 18:10:48',1,'echo \"hello wor\";'),('d0081926',33,18,'2013-09-18 20:36:53',1,'function sum($a,$b,$c) {\n    return $a+$b+$c;\n}'),('d0081926',35,1,'2013-08-28 18:11:16',1,'echo \"673\";'),('d0081926',36,1,'2013-09-19 15:49:20',1,'\n$_SESSION[\'names\'][1] = \"tom\";\n$_SESSION[\'names\'][2] = \"fred\";\n$_SESSION[\'names\'][3] = \"steve\";'),('d0081926',37,16,'2013-09-16 03:48:00',1,'function d()\n{\n  return date(\"l h:i\");\n}'),('d0081926',38,4,'2013-09-16 18:06:40',1,'$_SESSION[\'curdate\'] = date(\"M d, h:i\");'),('d0081926',39,4,'2013-08-28 18:14:46',1,'for ($i = 1; $i <=100; $i++) {\necho $i;\necho \"<br>\";\n} '),('d0081926',40,2,'2013-09-18 20:35:34',1,'function a()\n{\n    return \"Hello World\";\n}'),('d0081926',41,3,'2013-09-18 20:57:18',1,'function ip() {\n    return $_SERVER[\'REMOTE_ADDR\'];\n}'),('d0081926',75,12,'2013-08-28 18:29:43',1,'for ($x = 1; $x < 100; $x+=2) {\n    echo $x.\"<br>\";\n\n}'),('d0081926',76,15,'2013-08-28 18:46:35',1,'$hi = str_repeat(\"hi\".\"<br />\", 100);\necho $hi;'),('d0081926',77,12,'2013-09-04 04:16:27',1,'for ($i=100; $i>=1; $i--) {\necho $i.\"<br/>\";\n} '),('d0081926',78,6,'2013-09-04 04:24:11',1,'$time = date(\"H:i\");\necho $time;'),('d0081926',79,4,'2013-09-04 04:36:36',1,'include_once \"app/foo.inc\";'),('d0081926',80,3,'2013-09-04 18:05:59',1,'include \"app/vars.php\";\necho $a + $b;'),('d0081926',81,3,'2013-09-16 18:10:20',1,'$a = array();\nfor ($i=1;$i<=100;$i++)\n{\n    $a[$i]=$i;\n}\n$_SESSION[\'nums\']=$a;'),('d0081926',86,12,'2013-09-18 18:05:14',1,'function foo($a) {\n    if (is_numeric ($a)) {\n        if ($a % 2 == 0) {\n            return \"even\";\n        } else {\n            return \"odd\";\n        }\n    } else {\n        return \"not a number\";\n    }\n}'),('d0081926',88,11,'2013-09-18 21:05:06',1,'function a($str) {\n    return strlen($str);\n}'),('d0081926',89,7,'2013-09-19 14:56:27',1,'function conc($a,$b,$c) {\n\n    return $a.$b.$c;\n}'),('d0081926',90,15,'2013-09-19 15:03:34',0,'function str($a,$b,$c)\n   if (is_string($a,$b,$c)) { \n    return $a.$b.$c;\n} else {\n    return \"foo\";\n}'),('d0081926',91,5,'2013-09-19 15:30:19',0,'function floated($x,$y) {\n    $z= $x*$y;\n    number_format($z, 2, \'.\', \'.\');\n    return $z;\n}'),('d0081926',92,1,'2013-09-19 16:18:42',0,'function str($a,$b,$c)\r\n   if (is_string($a,$b,$c)) { \r\n    return \"string\";\r\n} else {\r\n    return \"None\";\r\n}'),('d0081939',1,4,'2013-08-28 18:08:27',0,'$test = \"steve\";\necho $test;'),('d0081939',4,1,'2013-08-28 18:11:06',1,'echo \"Hello World\";'),('d0081939',32,1,'2013-08-28 18:12:09',1,'echo \'hello wor\';'),('d0081939',35,4,'2013-08-28 18:06:13',1,'echo \"673\";'),('d0081939',39,7,'2013-08-28 18:19:34',1,'for($x=1; $x < 101; $x++){\n    echo \"$x<br>\";\n}'),('d0081939',75,1,'2013-08-28 18:26:13',1,'for($x=1; $x < 101; $x+=2){\n    echo \"$x<br>\";\n}'),('d0081939',76,15,'2013-08-28 18:26:41',1,'for($x=0; $x < 100; $x++){\n    echo \"hi<br />\";\n}'),('d0168843',1,1,'2013-09-10 21:29:29',1,'\n$_SESSION[\'test\'] = \"steve\";'),('d0168843',4,1,'2013-08-28 18:10:16',1,'echo \"Hello World\";'),('d0168843',5,1,'2013-09-10 21:19:06',1,'function ($a,$b)\n{\n    return $a + $b;\n}'),('d0168843',32,1,'2013-08-28 18:11:32',1,'echo \"hello wor\";'),('d0168843',33,2,'2013-09-10 21:19:47',1,'function addthree($a, $b, $c)\n{\n    return $a+$b+$c;\n}'),('d0168843',35,1,'2013-08-28 18:08:56',1,'echo \"673\";'),('d0168843',36,1,'2013-09-10 21:34:20',1,'$list = array(\n    1 => \"tom\",\n    2 => \"fred\",\n    3 => \"steve\",\n                );\n$_SESSION[\"names\"]=$list;'),('d0168843',37,1,'2013-09-10 21:25:25',1,'function GetDate()\n{\n    return date(\"l h:i\");\n}'),('d0168843',38,1,'2013-09-10 21:36:33',1,'$_SESSION[\"curdate\"]= date(\"M j, h:i\");'),('d0168843',39,3,'2013-08-30 18:02:57',1,'for($i=1;$i<=100;$i++)\n{\n    echo $i.\"<br/>\";\n}'),('d0168843',40,1,'2013-09-10 21:25:58',1,'function hw()\n{\n    return \"Hello World\";\n}'),('d0168843',41,1,'2013-09-10 21:27:32',1,'function GetIP()\n{\n    return $_SERVER[\'REMOTE_ADDR\'];\n}'),('d0168843',75,2,'2013-08-30 18:28:59',1,'for($i=1;$i<100;$i+=2)\n{\n    echo $i.\"<br/>\";\n}'),('d0168843',76,2,'2013-08-30 18:30:07',1,'for($i=0;$i<100;$i++)\n{\n    echo \"hi\".\"<br />\";\n}'),('d0168843',77,2,'2013-08-30 18:16:47',1,'for($i=100;$i>=1;$i--)\n{\n    echo $i.\"<br/>\";\n}'),('d0168843',78,1,'2013-08-30 18:32:29',1,'echo date(\"H:i\");'),('d0168843',79,1,'2013-09-04 18:04:16',1,'include_once \"app/foo.inc\";'),('d0168843',80,1,'2013-09-06 18:46:06',1,'include \'app/vars.php\';\necho $a +$b;'),('d0168843',81,1,'2013-09-16 18:11:27',1,'\nfor ($i=1;$i<=100;$i++)\n{\n    $a[$i] = $i;\n}\n$_SESSION[\'nums\'] = $a;'),('d0168843',86,1,'2013-09-16 18:09:21',1,'function foo($a)\n{\n    if( !is_numeric($a) )\n    {\n        return \"not a number\";\n    }\n    if ($a % 2 ==0)\n    {\n        return \"even\";\n    }\n    else\n    {\n        return \"odd\";\n    }\n}'),('d0168843',88,1,'2013-09-16 20:41:31',1,'function foo($s)\n{\n    return strlen((string)$s);\n}'),('d0168843',89,1,'2013-09-16 20:42:29',1,'function foo($a,$b,$c)\n{\n    return (string)$a.(string)$b.(string)$c;\n}'),('d0168843',90,1,'2013-09-16 20:45:26',1,'function f($a,$b,$c)\n{\n    if(!is_string($a)||!is_string($b)|| ! is_string($c))\n    {\n        return \"foo\";\n    }\n    else\n    {\n        return $a.$b.$c;\n    }\n}'),('d0168843',91,9,'2013-09-16 20:48:20',1,'function foo($a,$b)\n{\n    if(!is_float($a)||!is_float($b))\n    {\n        return \"Nothing\";\n    }\n    else\n    {\n        $c = $a * $b;\n        return round($c,2);\n    }    \n}'),('d0168843',92,1,'2013-09-16 20:57:53',1,'function f($a,$b,$c)\n{\n    if(!is_string($a)||!is_string($b)||!is_string($c))\n    {\n        return \"None\";\n    }\n    else\n    {\n        $ret[$a] = strlen($a);\n        $ret[$b] = strlen($b);\n        $ret[$c] = strlen($c);\n        return $ret;\n    }\n}'),('d0168843',93,1,'2013-09-16 21:01:56',1,'function foo()\n{\n    $a = array();\n    for($i=1;$i<20;$i+=2)\n    {\n        $a[$i] = $i * $i;\n    }\n    return $a;\n}'),('d0189090',1,11,'2013-09-11 16:03:22',1,'$_SESSION[\'test\']=\'steve\';\n'),('d0189090',4,2,'2013-08-28 18:07:32',1,'echo \"Hello World\";'),('d0189090',5,1,'2013-09-16 18:08:00',1,'function s($a,$b){\n    return $a+$b;\n}'),('d0189090',32,2,'2013-08-28 18:47:24',1,'echo \'hello wor\';'),('d0189090',33,1,'2013-09-18 23:44:01',1,'function func($a,$b,$c){\n    return $a+$b+$c;\n}'),('d0189090',35,3,'2013-08-28 18:09:17',1,'echo \"673\";'),('d0189090',36,1,'2013-09-19 05:03:50',1,'$arry[1] = \'tom\';\n$arry[2] = \'fred\';\n$arry[3] = \'steve\';\n$_SESSION[\'names\']=$arry;'),('d0189090',37,10,'2013-09-19 00:01:52',1,'function blah()\n{\n    $s = date(\"l h:i\");\n    return $s;\n}\n'),('d0189090',38,1,'2013-09-16 18:08:40',1,'$_SESSION[\'curdate\'] = date(\"M d, h:i\");'),('d0189090',39,5,'2013-09-04 17:58:01',1,'$x=1;\nwhile ($x < 101) {\n    echo $x . \'<br/>\';\n    $x+=1;\n}'),('d0189090',40,2,'2013-09-19 00:28:48',1,'function blah(){\n    return \"Hello World\";\n}'),('d0189090',41,2,'2013-09-19 00:31:03',1,'function ip(){\n    return $_SERVER[\'REMOTE_ADDR\'];\n}'),('d0189090',75,5,'2013-08-28 18:17:46',1,'$x=1;\nwhile($x<100)\n    {\n    echo $x.\"<br>\";\n    $x += 2;\n    }\n'),('d0189090',76,2,'2013-08-28 18:11:40',1,'for ($x=0; $x<100; $x++)\n    {\n    echo \"hi<br />\";\n    }'),('d0189090',77,5,'2013-09-04 18:00:26',1,'$x = 100;\nwhile ($x>0) \n{\n    echo $x . \'<br/>\';\n    $x += -1;\n}'),('d0189090',78,2,'2013-09-04 18:05:12',1,'echo date(\"H:i\");'),('d0189090',79,2,'2013-09-04 18:06:00',1,'include_once \"app/foo.inc\";'),('d0189090',80,3,'2013-09-04 18:08:57',0,'include_once \"app/vars.php\";\necho $a + $b'),('d0189090',81,1,'2013-09-19 05:06:40',1,'$count = 1;\nwhile($count < 101){\n    $arry[$count] = $count;\n    $count += 1;\n}\n$_SESSION[\'nums\']=$arry; '),('d0189090',86,10,'2013-09-19 00:34:57',1,'\n    function blah($var) \n	{\n		if(!is_numeric($var))\n		{\n			return \"not a number\";\n		} elseif($var % 2 == 0) {\n			return \"even\";\n		} else {\n			return \'odd\';\n		}\n\n	}'),('d0189090',88,3,'2013-09-19 01:17:03',1,'function string($var){\n    $var_string = (string)$var;\n    $len = strlen($var_string);\n    return $len;\n}'),('d0189090',89,2,'2013-09-19 01:20:23',1,'function cat($a,$b,$c){\n    $a = (string)$a;\n    $b = (string)$b;\n    $c = (string)$c;\n    return $a.$b.$c;\n    \n}'),('d0189090',90,4,'2013-09-19 01:26:13',1,'function blah($a,$b,$c){\n    $count = 0;\n	$varlist[0] = $a;\n	$varlist[1] = $b;\n	$varlist[2] = $c;\n//	print_r($varlist);\n	foreach ($varlist as $value){\n\n		if (is_string($value)){\n			$count += 1;\n		}\n	}\n	if($count == 3){\n		return $a.$b.$c;\n	} else {\n		return \'foo\';\n	}\n}'),('d0189090',91,9,'2013-09-19 04:00:09',1,'\n\nfunction blah($a,$b){\n    $count = 0;\n	$varlist[0] = $a;\n	$varlist[1] = $b;\n	foreach ($varlist as $value){\n\n		if (!is_float($value)){\n			continue;\n		} else{\n			$vars[] = $value;\n			$count += 1;\n		}\n	}\n	if ($count == 2) {\n		return round($a*$b,2);\n	} else {\n		return \'Nothing\';\n		}\n	\n	\n}'),('d0189090',92,1,'2013-09-19 04:46:18',1,'function strary($str1, $str2, $str3) {\n    $arry[] = $str1;\n    $arry[] = $str2;\n    $arry[] = $str3;\n    $count = 0;\n    foreach ($arry as $val){\n        if (!is_string($val)){\n            continue;\n        } else {\n            $out[$val] = strlen($val);\n            $count += 1;\n        }\n    }\n    if ($count == 3) {\n        return $out;\n    } else {\n        return \'None\';\n    }\n}'),('d0189090',93,2,'2013-09-19 04:55:53',1,'function odds(){\n    $x = 1;\n    while ($x<21){\n        $arry[$x] = $x*$x;\n        $x += 2;\n    }\n    return $arry;\n}'),('D0198042',1,1,'2013-09-14 01:07:47',1,'$_SESSION[\'test\']=\'steve\';\n'),('d0198042',4,2,'2013-08-28 18:12:39',1,'echo \"Hello World\";'),('d0198042',5,17,'2013-09-13 19:17:23',1,'function sum($x,$y)\n{\n$z=$x+$y;\nreturn $z;\n}'),('d0198042',32,1,'2013-08-28 18:13:12',1,'echo \'hello wor\';'),('d0198042',33,3,'2013-09-14 04:10:30',1,'function x($a,$b,$c){\nreturn $a+$b+$c;\n}'),('d0198042',35,2,'2013-08-28 18:13:30',1,'echo 673;'),('D0198042',36,4,'2013-09-14 01:08:54',1,'$_SESSION[\'names\']=array(1=>\'tom\',2=>\'fred\',3=>\'steve\');'),('d0198042',37,14,'2013-09-14 04:13:32',1,'function x(){\n  return date(\"l h:i\");\n  }'),('D0198042',38,3,'2013-09-14 01:13:41',1,'$_SESSION[\'curdate\']=date(\"M d, h:i\");'),('d0198042',39,19,'2013-08-28 18:14:39',1,'for ($x=1; $x<101; $x++){\n    echo $x.\"<br/>\";\n}'),('d0198042',40,2,'2013-09-14 04:26:07',1,'function x(){\n    return \"Hello World\";\n}'),('d0198042',41,2,'2013-09-14 04:32:24',1,'function x(){\n   return $_SERVER[\'REMOTE_ADDR\'];\n}'),('d0198042',75,4,'2013-08-28 18:21:18',1,'$a=1;\nWhile($a<101){\n    echo $a.\"<br>\";\n    $a+=2;\n}'),('d0198042',76,20,'2013-08-28 18:32:12',1,'$x=\"0\";\nWhile ($x<100){\n    echo \"hi\".\"<br />\";\n    $x++;\n}'),('D0198042',77,5,'2013-09-04 18:03:37',1,'for ($x=100; $x>0; $x--){\n    echo $x.\"<br/>\";\n}'),('D0198042',78,17,'2013-09-04 18:08:58',1,'\necho date(\'H:i\');\n'),('d0198042',79,9,'2013-09-06 17:10:41',0,'<?php;\ninclude \'foo.inc\';\n?>;'),('d0198042',80,5,'2013-09-06 17:14:04',1,'include \"app/vars.php\";\necho $a + $b;\n'),('D0198042',81,7,'2013-09-14 01:24:43',1,'$y=array();\nfor ($x=1; $x<101; $x++){\n   $y[$x]=$x;\n\n$_SESSION[\'nums\']=$y;\n}'),('d0198042',86,6,'2013-09-14 04:45:56',1,'function x($a){\n      if (is_numeric($a) && $a %2== 0){\n          return \'even\';\n      }elseif (is_numeric($a) && $a %2!=0){\n          return \'odd\';\n      }else{\n         return \'not a number\';\n      }\n      }'),('d0198042',88,1,'2013-09-14 05:00:18',1,'function x($a){\n    $s=$a;\n    return strlen($s);\n}'),('d0198042',89,4,'2013-09-14 05:03:15',1,'function x($a,$b,$c){\n    $x=$a;\n    $y=$b;\n    $z=$c;\n    $xx=$x.$y.$z;\n    return $xx;\n}'),('d0198042',90,3,'2013-09-14 05:10:04',1,'function x($a,$b,$c){\n    \n    $x=$a;\n    $y=$b;\n    $z=$c;\n    if (is_string($x)&& is_string($y)&& is_string($z)){\n        $xx=$x.$y.$z;\n        return $xx;\n    }else{\n        return \'foo\';\n    }\n}'),('d0198042',91,9,'2013-09-14 05:14:51',0,'function x($a,$b){\n    $c= $a*$b;\n    number_format($c, 2);\n    return $c;\n}'),('d0198249',1,3,'2013-08-28 18:10:53',1,'$_SESSION[\'test\'] = \'steve\';'),('d0198249',4,2,'2013-08-28 18:09:50',1,'echo \"Hello World\";'),('d0198249',5,1,'2013-09-18 18:01:55',1,'function ($a, $b){\n    return $a + $b;\n}'),('d0198249',32,2,'2013-08-28 18:12:32',1,'echo \'hello wor\';'),('d0198249',33,1,'2013-09-18 18:03:04',1,'function ($a, $b, $c){\n    return $a + $b + $c;\n}'),('d0198249',35,1,'2013-08-28 18:13:02',1,'echo 673;'),('d0198249',36,1,'2013-09-13 18:03:32',1,'$_SESSION[\'names\'] = array(1=>\'tom\', 2=>\'fred\', 3=>\'steve\');'),('d0198249',37,1,'2013-09-18 18:05:08',1,'function (){\n    return date(\'l h:i\');\n\n}'),('d0198249',38,3,'2013-09-13 18:04:47',1,'$_SESSION[\'curdate\'] = date(\'M d, h:i\');'),('d0198249',39,3,'2013-08-28 18:22:21',1,'for($x = 1;$x < 101;$x++){\n    echo $x.\"<br>\";\n    \n}'),('d0198249',40,1,'2013-09-18 18:09:30',1,'function (){\n    return \"Hello World\";\n}'),('d0198249',41,7,'2013-09-18 18:11:31',1,'function (){\n    return $_SERVER[\'REMOTE_ADDR\'];\n}'),('d0198249',75,1,'2013-08-28 18:25:20',1,'for($x = 1; $x < 101; $x+=2){\n    echo $x.\"<br>\";\n}'),('d0198249',76,8,'2013-08-28 18:26:57',1,'for($x=0; $x < 100; $x++){\n    echo \"hi\".\"<br />\";\n}'),('d0198249',77,3,'2013-09-04 17:56:45',1,'for($x = 100; $x > 0; $x--){\n    echo $x.\"<br/>\";\n}'),('d0198249',78,2,'2013-09-04 17:59:09',1,'echo date(\'H:i\');'),('d0198249',79,1,'2013-09-04 18:03:58',1,'include_once \"app/foo.inc\";'),('d0198249',80,1,'2013-09-06 18:45:48',1,'include \'app/vars.php\';\necho $a + $b;'),('d0198249',81,4,'2013-09-13 18:10:08',1,'for ($i = 1; $i< 101; $i++){\n    $a[$i] = $i;\n}\n\n$_SESSION[\'nums\'] = $a;'),('d0198249',86,8,'2013-09-18 18:20:28',1,'function ($a){\n    if(!is_numeric($a)){\n        return \'not a number\';\n    }\n    if($a%2 == 0){\n        return \'even\';\n    } if($a%2 == 1){\n        return \'odd\';\n    }\n}'),('d0198249',88,1,'2013-09-18 18:31:34',1,'function ($a){\n    $a = (string)$a;\n    return strlen($a);\n}'),('d0198249',89,1,'2013-09-18 18:32:56',1,'function ($a, $b, $c){\n    return (string)$a.(string)$b.(string)$c;\n}'),('d0198249',90,2,'2013-09-18 18:35:36',1,'function ($a, $b, $c){\n    if(!is_string($a)||!is_string($b)||!is_string($c)){\n        return \'foo\';\n    }\n    \n    return (string)$a.(string)$b.(string)$c;\n}'),('d0198249',91,2,'2013-09-18 18:38:18',1,'function ($a, $b){\n    if(!is_float($a) || !is_float($b)){\n        return \'Nothing\';\n    }\n    $c = (float)$a * (float)$b;\n    return number_format((string)$c, 2);\n}'),('d0198249',92,1,'2013-09-18 18:42:18',1,'function ($a, $b, $c){\n    if(!is_string($a)||!is_string($b)||!is_string($c)){\n        return \'None\';\n    }\n    $ar = array();\n    $ar[$a] = strlen($a);\n    $ar[$b] = strlen($b);\n    $ar[$c] = strlen($c);\n    return $ar;\n}'),('d0198249',93,3,'2013-09-18 18:07:42',1,'function (){\n    $a = array();\n    for($i = 1; $i < 20; $i+=2){\n        $a[$i] = pow($i, 2);\n    }\n    return $a;\n}'),('d0230302',1,1,'2013-09-19 04:37:01',1,'$_SESSION[\'test\'] = \'steve\';'),('d0230302',4,3,'2013-09-07 02:15:28',1,'echo \"Hello World\";'),('d0230302',5,1,'2013-09-19 04:38:41',1,'function sum($a, $b)\n{\n    return $a + $b;\n}'),('d0230302',32,1,'2013-09-07 02:20:33',1,'echo \"hello wor\";'),('d0230302',33,4,'2013-09-19 04:52:55',1,'function sum($a, $b, $c)\n{   return $a+$b+$c;\n}'),('d0230302',35,2,'2013-09-07 02:21:03',1,'echo \"673\";'),('d0230302',36,5,'2013-09-19 06:41:01',0,'$_SESSION[\'name\'] = (\n    \"1\" => \"tom\",\n    \"2\" => \"fred\",\n    \"3\" => \"steve\",\n);'),('d0230302',37,8,'2013-09-19 05:19:41',1,'function current()\n{\n    return date(\'l g:i\');\n}'),('d0230302',38,43,'2013-09-19 06:45:46',1,'$_SESSION[\'curdate\'] = date(\'M d, h:i\');'),('d0230302',39,18,'2013-09-07 02:23:36',1,'for($i = 1; $i <= 100; $i++)\n{\n    echo \"$i<br/>\"; \n}'),('d0230302',40,3,'2013-09-19 05:58:04',1,'function hi()\n{ return \"Hello World\";\n\n}'),('d0230302',41,6,'2013-09-19 06:03:22',1,'function address(){\n    return $_SERVER[\'REMOTE_ADDR\'];\n}'),('d0230302',75,9,'2013-09-07 02:29:00',1,'for($i = 1; $i <= 100; $i+=2)\n{\n    echo \"$i<br/>\" ;\n}'),('d0230302',76,51,'2013-09-07 02:32:20',1,'for($i = 1; $i <= 100; $i++)\n{\n    echo \"hi<br />\";\n}'),('d0230302',77,23,'2013-09-07 03:02:51',1,'for($i = 100; $i >= 1; $i--)\n{\n    echo \"$i<br/>\" ; \n}'),('d0230302',78,14,'2013-09-07 02:58:14',1,'echo $today = date(\"H:i\"); \n'),('d0230302',79,3,'2013-09-07 02:55:25',0,'<?php\r\ninclude_once \"foo.inc\";\r\n?>'),('d0230302',80,21,'2013-09-07 02:46:09',0,'function add($a, $b)\n{\n    $total = $a + $b;\n    return $total;\n}'),('d0230302',86,2,'2013-09-19 06:12:41',1,'function num($in)\n{\n    if(is_numeric($in) && $in%2 == 0)\n    {\n        return \"even\";\n    }\n    else if(is_numeric($in) && $in%2 == 1)\n    {\n        return \"odd\";\n    }\n    else\n    {\n        return \"not a number\";\n    }\n}'),('d0230302',88,1,'2013-09-19 06:14:39',1,'function length($in)\n{\n    return strlen($in);\n}'),('d0230302',89,4,'2013-09-19 06:16:48',1,'function concatenate($in1,$in2,$in3)\n{\n    return $in1 . $in2 . $in3;\n}'),('d0230302',90,1,'2013-09-19 06:35:21',1,'function foo($in1,$in2,$in3)\n{\n    if(is_string($in1)&& is_string($in2) && is_string($in3))\n    {\n        return $in1 . $in2 . $in3;\n    }\n    else\n      return \"foo\";\n}'),('d0230302',91,10,'2013-09-19 06:20:40',0,'function multi($a,$b)\n{\n    if(is_numeric($a) && is_numeric($b))\n    {\n      return round($a * $b, 2);\n    } else \n    {\n        return \"Nothing\";\n    }\n} '),('d0230302',93,3,'2013-09-19 06:29:04',0,'function odds()\n{\n    for($i = 0; $i <=20; $i=$i+2)\n    {\n        $arr[$i] = $i^2;\n    }\n}'),('dhulet',1,1,'2013-09-10 17:51:08',1,'$_SESSION[\"test\"] = \"steve\";\n'),('dhulet',4,1,'2013-08-28 18:10:01',1,'echo \"Hello World\";'),('dhulet',5,20,'2013-09-10 17:54:27',1,'function add($a,$b) {\n   return $a+$b;\n}\n\n'),('dhulet',32,2,'2013-08-28 18:11:17',1,'echo \"hello wor\";'),('dhulet',33,5,'2013-09-18 12:24:32',1,'function nums($a,$b,$c){\n    return $a+$b+$c;\n}'),('dhulet',35,2,'2013-08-28 18:08:34',1,'echo \"673\";'),('dhulet',36,5,'2013-09-18 12:40:22',0,'$_SESSION[\'$names\'] = array(\"1\",\"tom\", \"2\", \"fred\", \"3\",\"steve\");'),('dhulet',37,15,'2013-09-10 18:01:05',1,'function currentdate(){\n    return date(\" l h:i\");\n}\n'),('dhulet',38,3,'2013-09-12 23:53:16',1,'$_SESSION[\'curdate\'] = date(\"M j, h:i\");'),('dhulet',39,16,'2013-09-04 01:17:05',1,'for($x=1; $x < 101; $x++){\n   echo $x.\"<br/>\";\n}'),('dhulet',40,12,'2013-09-10 18:04:44',0,'function $hello(str){\n    return \"Hello World\";\n}'),('dhulet',41,3,'2013-09-18 14:44:38',1,'function myip(){\n   return $_SERVER[\'REMOTE_ADDR\'];\n}'),('dhulet',75,17,'2013-09-04 01:24:19',1,'$a =1;\ndo {\n    echo $a . \"<br/>\";\n	$a+=2;\n} while ($a < 100);'),('dhulet',76,49,'2013-09-04 01:26:27',1,'$x = \"hi<br />\";\necho str_repeat($x ,100);'),('dhulet',77,4,'2013-09-04 01:31:45',1,'for($x=100; $x > 0; $x--){\n    echo $x. \"<br/>\";\n}'),('dhulet',78,9,'2013-09-04 01:54:04',1,'$date = date(\"h:i\");\n    echo $date;\n'),('dhulet',79,3,'2013-09-04 01:11:52',1,'include_once (\"app/foo.inc\");'),('dhulet',80,1,'2013-09-06 18:47:35',1,'include \'app/vars.php\';\n    echo $a +$b; '),('dhulet',81,6,'2013-09-16 18:11:17',0,'$a = array();\nfor ($i=1; $i< 100, $i++){\n    echo $i;\n}'),('dhulet',93,1,'2013-09-18 18:07:44',0,'$a = array();\n$a[1]=1;\n$a[1]=plw(3, 2)'),('elewis',1,1,'2013-09-11 15:13:41',1,'$_SESSION[\'test\'] = \'steve\';'),('elewis',4,2,'2013-08-30 16:54:20',1,'echo \"Hello World\";'),('elewis',5,35,'2013-09-16 17:27:09',1,'function sum($a, $b){\n    return $a + $b;\n}'),('elewis',32,1,'2013-08-30 16:55:11',1,'echo \"hello wor\";'),('elewis',33,1,'2013-09-16 18:08:34',1,'function sum($a, $b, $c){\n    return $a + $b + $c;\n}'),('elewis',35,1,'2013-08-30 16:55:31',1,'echo \"673\";'),('elewis',36,15,'2013-09-11 15:14:59',1,'$_SESSION[\'names\'] = array(1=>\'tom\', 2=>\'fred\', 3=>\'steve\');'),('elewis',37,10,'2013-09-16 17:47:52',1,'function a(){\n    return date(\'l h:i\');\n}'),('elewis',38,28,'2013-09-11 21:53:22',1,'$_SESSION[\'curdate\'] = date(\"M d, h:i\");'),('elewis',39,1,'2013-08-30 16:59:00',1,'for ($i = 1; $i <= 100; $i++) {\n    echo $i;\n    echo \"<br/>\";\n}'),('elewis',40,3,'2013-09-16 17:50:24',1,'function sayHi(){\n    return \"Hello World\";\n}'),('elewis',41,1,'2013-09-16 18:13:13',1,'function returnip(){\n    return $_SERVER[\'REMOTE_ADDR\'];\n}'),('elewis',75,1,'2013-08-30 17:02:09',1,'print (\"1<br/>3<br/>5<br/>7<br/>9<br/>11<br/>13<br/>15<br/>17<br/>19<br/>21<br/>23<br/>25<br/>27<br/>29<br/>31<br/>33<br/>35<br/>37<br/>39<br/>41<br/>43<br/>45<br/>47<br/>49<br/>51<br/>53<br/>55<br/>57<br/>59<br/>61<br/>63<br/>65<br/>67<br/>69<br/>71<br/>73<br/>75<br/>77<br/>79<br/>81<br/>83<br/>85<br/>87<br/>89<br/>91<br/>93<br/>95<br/>97<br/>99<br/>\");'),('elewis',76,28,'2013-08-30 17:06:59',1,'for ($i = 1; $i <= 100; $i++) {\n    echo \"hi<br />\";\n}'),('elewis',77,2,'2013-08-30 17:13:22',1,'for ($i = 100; $i >= 1; $i--) {\n    echo $i;\n    echo \"<br/>\";\n}'),('elewis',78,2,'2013-08-30 17:16:49',1,'print (date(\"H:i\"));'),('elewis',79,1,'2013-09-04 18:04:31',1,'include_once(\"app/foo.inc\");'),('elewis',80,4,'2013-09-06 18:08:40',1,'include_once(\"app/vars.php\");\necho \'21\';'),('elewis',81,11,'2013-09-16 16:14:45',1,'$a = array();\nfor ($i=1;$i<=100;$i++){\n    $a[$i]=$i;\n}\n$_SESSION[\'nums\']=$a;'),('elewis',86,3,'2013-09-16 18:18:16',0,'function ifor($v){\n    if ($v % 2 == 0){\n        return \'even\';\n    } elseif ($v % 2 != 0){\n        return \'odd\';\n    } else {\n        return \'not a number\';\n    }\n}'),('elewis',88,1,'2013-09-16 18:22:21',1,'function stringvar($str){\n    return strlen($str);\n}'),('elewis',89,1,'2013-09-16 18:25:06',1,'function concat($a, $b, $c){\n    return $a . $b . $c;\n}'),('elewis',90,1,'2013-09-16 18:28:52',1,'function concat($a, $b, $c){\n    if (is_string($a) & is_string($b) & is_string($c)){\n        return $a . $b . $c;\n    } else {\n        return \'foo\';\n    }\n}'),('elewis',91,1,'2013-09-16 18:31:15',0,'function floats($a, $b){\n    return $a * $b;\n}'),('elewis',92,1,'2013-09-16 18:44:49',0,'function array1($a, $b, $c){\n    if (is_string($a) & is_string($b) & is_string($c)){\n        $d = array();\n        $d[$a] = strlen($a);\n        $d[$b] = strlen($b);\n        $d[$c] = strlen($c);\n    } else {\n        return \'None\';\n    }\n}'),('ethompson',1,5,'2013-08-28 18:08:55',1,'$_SESSION[\'test\']=\'steve\';'),('ethompson',4,2,'2013-08-28 18:07:48',1,'echo \"Hello World\";'),('ethompson',5,1,'2013-09-16 18:06:56',1,'function s($a,$b){\n    return $a+$b;\n\n}'),('ethompson',32,1,'2013-08-28 18:10:50',1,'echo \"hello wor\";\n'),('ethompson',33,1,'2013-09-16 18:07:36',1,'function s($a,$b,$c){\n    return $a+$b+$c;\n\n}'),('ethompson',35,1,'2013-08-28 18:11:04',1,'echo \"673\";'),('ethompson',36,1,'2013-09-16 17:58:59',1,'$array = array(\n    \"1\" => \"tom\",\n    \"2\" => \"fred\",\n    \"3\" => \"steve\",\n    \n    );\n$_SESSION[\'names\']= $array;'),('ethompson',37,1,'2013-09-16 18:03:57',1,'function a()\n{\n    return date(\"l h:i\");\n    \n}'),('ethompson',38,2,'2013-09-16 18:03:05',1,'$_SESSION[\'curdate\'] = date(\"M j, h:i\");'),('ethompson',39,8,'2013-08-28 18:47:50',1,'for($x=1;$x < 101; $x++){\n    echo $x.\"<br/>\";\n}'),('ethompson',40,3,'2013-09-16 18:08:06',1,'function s(){\n    return \"Hello World\";\n\n}'),('ethompson',41,2,'2013-09-18 16:58:40',1,'function s(){\n    return $_SERVER[\'REMOTE_ADDR\'];\n}'),('ethompson',75,6,'2013-08-30 18:10:41',1,'for($x=1;$x < 101; $x+=2){\n        echo $x.\"<br/>\";\n}'),('ethompson',76,2,'2013-08-30 18:14:08',1,'for($x=1;$x < 101; $x++){\n    echo \"hi\".\"<br />\";\n}'),('ethompson',77,2,'2013-09-02 22:36:10',1,'for($x=100;$x > 0; $x--){\n    echo $x.\"<br/>\";\n}'),('ethompson',78,6,'2013-09-02 22:47:24',1,'echo (Date(\"H:i\"));'),('ethompson',79,4,'2013-09-02 22:52:30',1,'include_once \"app/foo.inc\";'),('ethompson',81,3,'2013-09-16 18:09:58',1,'$a = array();\nfor ($i=1;$i<=100;$i++)\n{\n    $a[$i]=$i;\n}\n$_SESSION[\'nums\']=$a;'),('ethompson',86,1,'2013-09-18 18:00:50',1,'function s($a){\n    if (is_numeric($a)){\n        if ($a % 2 == 0){\n            return \'even\';\n        }\n        if ($a %2 != 0){\n            return \'odd\';\n        }\n    }\n    else{\n        return \'not a number\';\n    }\n}'),('ethompson',88,1,'2013-09-18 18:01:24',1,'function s($s) {\n    $str = (string)$s;\n    return strlen($str);\n}'),('ethompson',89,1,'2013-09-18 18:02:34',1,'function s($a, $b, $c){\n    $stra = (string)$a;\n    $strb = (string)$b;\n    $strc = (string)$c;\n    return $stra.$strb.$strc;\n}'),('ethompson',90,1,'2013-09-18 18:04:13',1,'function s($a, $b, $c){\n    if (is_string($a) && is_string($b) && is_string($c)){\n        return $a.$b.$c;\n    }\n    else{\n        return \'foo\';\n    }\n}'),('ethompson',92,1,'2013-09-18 18:06:49',1,'function s($a,$b,$c){\n    if (is_string($a) && is_string($b) && is_string($c)) {\n        $array = array(\n            $a => strlen($a),\n            $b => strlen($b),\n            $c => strlen($c),\n            );\n            return $array;\n    }\n    else {\n        return \'None\';\n    }\n}'),('ethompson',93,4,'2013-09-18 18:08:52',1,'function s() {\n    $array = array();\n    for ($i = 0; $i < 20; $i++) {\n        if ($i % 2 != 0) {\n            $array[$i] = pow($i, 2);\n        }\n    }\n    return $array;\n}'),('gpatel',1,2,'2013-09-19 15:40:15',1,'$_SESSION[\'test\'] = \'steve\';'),('gpatel',4,1,'2013-08-28 18:08:55',1,'echo \"Hello World\";\n'),('gpatel',5,1,'2013-09-19 05:22:04',1,'function ($a,$b){\n    return $a+$b;\n}'),('gpatel',32,2,'2013-08-28 18:12:11',1,'echo \"hello wor\";'),('gpatel',33,1,'2013-09-19 05:24:52',1,'function ($a,$b,$c){\r\n    return $a+$b+$c;\r\n}'),('gpatel',35,1,'2013-08-28 18:11:40',1,'echo \"673\";\n'),('gpatel',36,2,'2013-09-19 15:42:25',1,'$_SESSION[\'names\'] = array(\'1\' => \'tom\', \'2\'=>\'fred\',\'3\'=>\'steve\');'),('gpatel',37,1,'2013-09-19 05:19:23',1,'function date(){\n    $today = date(\"l h:i\");\n    return $today;\n}'),('gpatel',38,4,'2013-09-19 15:45:34',1,'$_SESSION[\'curdate\'] = date(\'M d, h:i\');'),('gpatel',39,10,'2013-08-28 18:18:11',1,'for($x=1; $x<=100; $x++)\n{\n    echo $x.\"<br>\";\n}'),('gpatel',40,1,'2013-09-19 05:28:24',1,'function (){\r\n    return \"Hello World\";\r\n}'),('gpatel',41,7,'2013-09-19 05:32:19',1,'function myip(){\n    \n    $ipAddress = gethostbyname($_SERVER[\'REMOTE_ADDR\']);\n    // $ipAddress = gethostbyname($_SERVER[\'SERVER_NAME\']);\nreturn $ipAddress;\n}'),('gpatel',75,4,'2013-08-28 18:26:38',1,'for($x=1; $x<=100; $x+=2)\n{\n    echo $x.\"<br>\";\n}'),('gpatel',76,18,'2013-08-28 18:27:29',1,'for($x=1; $x<=100; $x++)\n{\n    echo \"hi<br />\";\n}'),('gpatel',77,43,'2013-08-30 18:39:23',1,'for($x=100; $x>=1; $x--)\n{\n    echo $x.\"<br/>\";\n}'),('gpatel',78,7,'2013-09-06 17:15:05',1,'echo date(\"H:i\");'),('gpatel',79,5,'2013-09-06 18:46:07',0,'include \'app/vars.php\';\n\n\"some how it is not working...\"'),('gpatel',80,3,'2013-09-04 18:04:49',1,'include \'app/vars.php\';\necho $a + $b;'),('gpatel',81,1,'2013-09-19 15:54:33',1,'\n$_SESSION[\'nums\'] = array_combine(range(1,100),range(1,100));'),('gpatel',86,3,'2013-09-18 18:09:33',1,'function foo($a)\n{\n    if (is_numeric ($a))\n    {\n        if ($a%2 == 0)\n        {\n            return \"even\";\n        }\n        else\n        {\n            return \"odd\";\n        }\n        \n    }\n    else{\n        \n    return \"not a number\";\n    }\n}'),('gpatel',88,36,'2013-09-19 05:45:20',0,'function($myVar){\n    \n    //$my = \'$myVar\';\n    //$my = (string)$myVar;\n    $my = $myVar.\'\';\n    return strlen($my);\n\n}'),('gpatel',91,1,'2013-09-19 15:57:44',0,'echo \'nothing entered\';'),('gpatel',92,1,'2013-09-19 15:35:51',0,'function'),('gpatel',93,6,'2013-09-19 16:27:05',0,'function f(){\n\n    for ($i = 0; $i < 20; $i++)\n    {\n      if ($i % 2 == 0){ // echo \"even\";\n      }\n      else{// echo \"odd\";\n        $a = array($i,pow($i,2));\n      }\n    }\n    \n}'),('jfrancom',1,3,'2012-08-23 16:56:10',1,'$_SESSION[\'test\']=\'steve\';'),('jfrancom',3,4,'2013-09-11 16:40:12',1,'$sql = \"SELECT * FROM students\";'),('jfrancom',4,8,'2012-08-29 20:08:37',1,'echo \"Hello World\";\n\n\n'),('jfrancom',5,6,'2012-09-04 17:53:18',1,'function s($a,$b){\n    return $a+$b;\n}'),('jfrancom',6,11,'2012-08-28 00:43:41',1,'$sql = \"INSERT into students (name, email) VALUES(\'joe\',\'email@foo.com\')\";\n'),('jfrancom',32,1,'2012-08-29 20:10:25',1,'echo \'hello wor\';'),('jfrancom',33,1,'2013-09-10 16:38:48',1,'function foo($a, $b, $c)\n{\n    return $a + $b + $c;\n}'),('jfrancom',35,9,'2012-08-28 21:50:01',1,'echo 673;'),('jfrancom',36,1,'2012-08-28 21:47:43',1,'$_SESSION[\'names\']=array(1=>\'tom\', 2=>\'fred\', 3=>\'steve\');'),('jfrancom',37,5,'2012-08-23 18:07:29',1,'function a()\n{\n    return date(\"l h:i\");\n}'),('jfrancom',38,3,'2012-08-23 18:09:28',1,'$_SESSION[\'curdate\'] = date(\"M d, h:i\");'),('jfrancom',39,22,'2012-08-29 22:09:30',1,'for ($i=1; $i<101; $i++)\n    {\n      echo \"$i<br/>\";\n    }'),('jfrancom',40,1,'2013-09-10 16:39:05',1,'function foo(){\n    return \"Hello World\";\n}'),('jfrancom',41,1,'2013-09-10 16:40:30',1,'function foo()\n{\n    return $_SERVER[\'REMOTE_ADDR\'];\n}'),('jfrancom',75,8,'2012-08-23 17:56:40',1,'for($i=1;$i<100;$i++){\n    if($i%2==1)\n    {\n        echo $i.\'<br/>\';\n    }\n}'),('jfrancom',76,4,'2013-09-11 16:41:14',1,'for($i=0; $i<100; $i++)\n{\n    echo \"hi<br/>\";\n}'),('jfrancom',77,3,'2013-08-29 21:06:38',1,'for($i=100;$i>=1;$i--){\n        echo $i.\'<br/>\';\n    };'),('jfrancom',78,3,'2013-08-29 21:10:44',1,'echo date(\"H:i\");'),('jfrancom',79,15,'2013-08-29 21:13:37',1,'require_once \"app/foo.inc\";'),('jfrancom',80,30,'2013-08-29 21:41:21',1,'\n    include \'app/vars.php\';\n    echo $a + $b;\n     \n\n\n'),('jfrancom',81,3,'2013-09-11 00:26:34',1,'$a = array();\nfor ($i=1;$i<=100;$i++)\n{\n    $a[$i]=$i;\n}\n$_SESSION[\'nums\']=$a;'),('jfrancom',86,4,'2013-09-11 00:49:35',1,'function foo($a)\n{\n   if(is_numeric($a))\n   {\n    if($a%2==0)\n    {\n        return \'even\';\n    }\n    return \'odd\';\n   }\n   return \'not a number\';\n}'),('jfrancom',88,15,'2013-09-11 00:54:02',1,'function foo($a, $b)\n{\n    //$a = (string)$a;   \n    return strlen($a);\n   \n}'),('jfrancom',89,2,'2013-09-11 01:01:18',1,'function foo($a, $b, $c)\n{\n    return $a.$b.$c;\n}'),('jfrancom',90,16,'2013-09-11 01:08:34',1,'function foo($a, $b, $c)\n{\n    if(is_string($a) && is_string($b) && is_string($c))\n    {\n        return $a.$b.$c;\n    }\n    else\n    {\n        return \'foo\';\n    }\n}'),('jfrancom',91,18,'2013-09-11 01:17:43',1,'function foo($a, $b)\n{\n    if(is_float($a) && is_float($b))\n    {\n        return number_format($a*$b,2);\n    }\n    return \'Nothing\';\n}'),('jfrancom',92,4,'2013-09-11 01:28:52',1,'function foo($a, $b, $c)\n{\n    \n    if(is_string($a) && is_string($b) && is_string($c))\n    {\n        $ary=array($a=>strlen($a), $b=>strlen($b), $c=>strlen($c));\n        return $ary;\n    }\n    return \'None\';\n}'),('jfrancom',93,18,'2013-09-11 01:39:48',1,'function foo()\n{\n    $ary=array();\n    $i=1;\n    while($i<20)\n    {\n     $ary[$i]=pow($i,2);\n     $i+=2;\n    }    \n    return $ary;\n}'),('jfrancom',94,6,'2013-09-17 16:20:57',1,'$sql = \"UPDATE students SET email=\'foo@bar.com\' WHERE student_id = 1\";'),('jfrancom',95,4,'2013-09-17 17:06:00',1,'$sql = \"SELECT * from students where student_id > 7 and student_id < 14\";'),('jfrancom',96,58,'2013-09-17 18:18:23',1,'    $sql = \"SELECT student_id from students where name=\'archie\';\" ;  '),('jfrancom',97,3,'2013-09-19 18:33:26',1,'$sql = \"SELECT customerName, contactLastName, contactFirstName FROM customers WHERE state = \'CA\'\";'),('jhope',1,13,'2013-09-11 17:00:47',1,'$_SESSION[\'test\'] = \'steve\';\n'),('jhope',4,2,'2013-08-28 18:10:35',1,'echo \"Hello World\";'),('jhope',5,16,'2013-09-19 04:39:30',1,'function addFunction($num1, $num2)\r\n{\r\n  $sum = $num1 + $num2;\r\n  return $sum;\r\n}'),('jhope',32,1,'2013-08-28 18:11:16',1,'echo \"hello wor\";'),('jhope',33,1,'2013-09-19 04:47:29',1,'function addFunction($num1, $num2, $num3)\r\n{\r\n  $sum = $num1 + $num2 + $num3;\r\n  return $sum;\r\n}'),('jhope',35,1,'2013-08-28 18:11:34',1,'print \"673\";'),('jhope',36,4,'2013-09-11 18:12:52',1,'$_SESSION[\'names\'] = array(\'1\' => \'tom\', \'2\' => \'fred\',\'3\' => \'steve\');\n\n'),('jhope',37,2,'2013-09-16 18:05:03',1,'function a()\n{\n    return date(\'l h:i\');  \n}'),('jhope',38,2,'2013-09-16 18:06:32',1,'$_SESSION[\'curdate\'] = date(\"M d, h:i\");'),('jhope',39,5,'2013-08-28 18:12:06',0,'for i in range(1,101);\n    echo i </br>;'),('jhope',40,7,'2013-09-19 04:48:18',1,'function a()\r\n{\r\n    $hello = \"Hello World\";\r\n    return $hello;\r\n}'),('jhope',41,4,'2013-09-19 05:01:13',1,'function getIp()\n{\n     $IP = $_SERVER[\'REMOTE_ADDR\'];\n     return $IP;\n}\n   '),('jhope',81,6,'2013-09-16 18:19:57',0,'$a = array();\nfor ($i=1;$i<=100,$i++)\n{\n    $a[$i];\n    $_SESSION[nums] = 1;\n    $_SESSION[\'nums\']=$_SESSION[\'off\']=+1;\n}'),('jhope',86,9,'2013-09-19 05:06:34',0,'function a(num){\n    if (is_int ($num))\n        if (num % 2 == 0){\n            return \"even\";\n        }\n        else{\n            return \"odd\";\n        }\n    else{\n        return \"not a number\";\n    }\n}'),('jhope',88,6,'2013-09-19 05:24:40',1,'function a($string)\n{\n    return strlen($string);\n}'),('jhope',89,1,'2013-09-19 05:43:06',1,'function foo($str1, $str2, $str3){\n    $newstring = $str1 . $str2 . $str3;\n    return $newstring;\n    \n}'),('jhope',90,4,'2013-09-19 05:50:01',1,'function foo($str1, $str2, $str3){\n    if (is_string($str1)){\n        $newstring = $str1 . $str2 . $str3;\n        return $newstring;\n    }\n    else{\n        return \"foo\";\n    }\n}'),('jhope',91,6,'2013-09-19 05:54:39',0,'function a($var1, $var2){\n    $product = $var1 * $var2;\n    $result = number_format((float)$product, 2);\n    return $result;\n    \n}'),('jporter',1,1,'2013-09-18 14:16:17',1,'$_SESSION[\'test\'] = \'steve\';'),('jporter',4,1,'2013-08-28 18:07:33',1,'echo \"Hello World\";'),('jporter',5,2,'2013-09-16 18:02:21',1,'function add($a, $b){\n    return $a + $b;\n}'),('jporter',32,1,'2013-08-28 18:07:58',1,'echo \"hello wor\";'),('jporter',33,7,'2013-09-16 18:04:28',1,'function a($f, $t, $g)\n{\n    return $f+$t+$g;\n}'),('jporter',35,1,'2013-08-28 18:10:43',1,'echo \'673\';'),('jporter',36,2,'2013-09-18 14:17:20',1,'$_SESSION [\'names\'] = array(\n    1 =>\'tom\',\n    2 =>\'fred\',\n    3 =>\'steve\');'),('jporter',37,1,'2013-09-16 18:08:01',1,'function a()\n{\n    return date(\"l h:i\");\n}'),('jporter',38,1,'2013-09-16 18:08:40',1,'$_SESSION[\'curdate\'] = date(\"M d, h:i\");'),('jporter',39,18,'2013-08-28 18:17:24',1,'for ($x=1; $x<101; $x++)\n{\n    echo \"$x<br/>\";\n}'),('jporter',40,2,'2013-09-16 18:12:12',1,'function hello()\n{\n    return \"Hello World\";\n}'),('jporter',41,4,'2013-09-18 16:40:57',1,'function ipadd(){\n\nreturn $_SESSION[\'ip\'] = $_SERVER[\'REMOTE_ADDR\'];\n\n}'),('jporter',75,8,'2013-09-04 18:00:10',1,'for ($x=1; $x<101; $x+=2)\n{\n    echo \"$x<br/>\";\n}'),('jporter',76,5,'2013-09-06 14:10:27',1,'for ($x=1; $x<101; $x++)\n{\n    echo \"hi<br />\";\n}'),('jporter',77,1,'2013-09-06 14:12:12',1,'for ($x=100; $x>0; $x--)\n{\n    echo \"$x<br/>\";\n}'),('jporter',78,3,'2013-09-06 14:16:44',1,'echo date (\"H:i\");'),('jporter',79,1,'2013-09-04 18:04:26',1,'include_once \"app/foo.inc\";'),('jporter',80,2,'2013-09-06 18:46:52',1,'include \"app/vars.php\";\necho $a+$b;'),('jporter',81,11,'2013-09-16 18:10:16',1,'$a = array();\n\nfor ($i=1; $i<=100; $i++){\n    $a[$i] = $i;\n}\n$_SESSION[\'nums\'] = $a;'),('jporter',86,40,'2013-09-18 16:07:07',1,'function numbers ($a){\n   if (is_numeric($a) && $a %2 == 0){\n            return \"even\";\n            \n        }\n   \n   elseif (is_numeric($a) && $a % 2 !=0) {\n            return \"odd\";\n            \n   }\n     \n    else{\n        return \"not a number\";\n    }\n\n}'),('jporter',88,1,'2013-09-18 22:23:14',1,'function strings($a){\n    return strlen($a);\n}'),('jporter',89,2,'2013-09-18 14:30:21',1,'function join($a,$b,$c){\n    return $a.$b.$c;\n}'),('jporter',90,8,'2013-09-18 16:16:37',1,'function join($a,$b,$c){\nif (is_string ($a)){\n    $a = $a;\n}else{\n    $a = \'foo\';\n}\nif (is_string ($b)){\n    $b = $b;\n}else{\n    return \'foo\';\n}\nif (is_string ($c)){\n    $c = $c;\n}else{\n    return \'foo\';\n}\n    return $a.$b.$c;\n}'),('jporter',91,16,'2013-09-18 16:29:24',1,'function floats($a,$b){\n    if (is_float($a) && (is_float($b))){\n        return round ($a*$b,2);\n    }else{\n        return \"Nothing\";\n    }\n}'),('jporter',92,3,'2013-09-18 16:36:17',1,'function strings ($a,$b,$c){\n    if (is_string ($a)){\n        $a = $a;\n    }else{\n        $a = \'None\';\n}\n    if (is_string ($b)){\n        $b = $b;\n    }else{\n        return \'None\';\n}\n    if (is_string ($c)){\n        $c = $c;\n    }else{\n        return \'None\';\n}\n$ar = array (\n    $a => strlen($a),\n    $b => strlen($b),\n    $c => strlen($c));\n\nreturn $ar;\n\n}'),('jporter',93,22,'2013-09-18 22:55:04',1,'function arrays(){\n    for ($a = 1; $a <= 20; $a += 2){\n        $ary[$a] = pow($a,2);\n   \n    }\n    \n         return $ary;\n}'),('klopez',1,1,'2013-09-13 23:39:28',1,'$_SESSION[\'test\'] = \'steve\';'),('klopez',4,1,'2013-08-28 18:08:08',1,'echo \"Hello World\";'),('klopez',5,1,'2013-09-16 18:07:11',1,'function s($a, $b){\n    return $a + $b;\n}'),('klopez',32,1,'2013-08-30 18:04:56',1,'echo \"hello wor\";'),('klopez',33,1,'2013-09-16 18:07:47',1,'function s($a, $b, $c){\n    return $a + $b + $c;\n}'),('klopez',35,1,'2013-08-28 18:07:43',1,'echo 673;'),('klopez',36,1,'2013-09-16 17:57:34',1,'$array = array(\n    \"1\" => \"tom\",\n    \"2\" => \"fred\",\n    \"3\" => \"steve\",\n);\n\n$_SESSION[\'names\'] = $array;'),('klopez',37,1,'2013-09-16 18:04:17',1,'function a()\n{\n    return date (\"l G:i\");\n}'),('klopez',38,4,'2013-09-16 18:01:25',1,'$_SESSION[\'curdate\'] = date(\"M d, h:i\");'),('klopez',39,2,'2013-08-30 18:13:48',1,'for ($i=1;$i<=100; $i++) {\n    echo $i.\"<br/>\";\n}'),('klopez',40,1,'2013-09-16 18:08:12',1,'function s(){\n    return \"Hello World\";\n}'),('klopez',41,4,'2013-09-16 18:11:59',1,'function s() {\n    return $_SERVER[\'REMOTE_ADDR\'];\n}'),('klopez',75,5,'2013-08-30 18:08:16',1,'for ($i=1; $i<=100; $i+=2) {\n    echo $i.\"<br/>\";\n}'),('klopez',76,5,'2013-08-30 18:14:43',1,'for ($i=1;$i<101;$i++){\n    echo \"hi\".\"<br />\";\n}'),('klopez',77,1,'2013-08-30 18:16:44',1,'for ($i=100;$i>=1;$i--){\n    echo $i.\"<br/>\";\n}'),('klopez',78,1,'2013-08-31 00:33:53',1,'echo (Date(\"H:i\"));'),('klopez',79,1,'2013-09-04 18:03:53',1,'include_once \"app/foo.inc\";'),('klopez',80,1,'2013-09-06 23:48:25',1,'include \"app/vars.php\";\n    echo $a + $b;'),('klopez',81,2,'2013-09-16 18:10:13',1,'$a = array();\nfor ($i=1;$i<=100;$i++)\n{\n    $a[$i]=$i;\n}\n$_SESSION[\'nums\']=$a;'),('klopez',86,5,'2013-09-16 22:08:30',1,'function s($a) {\n    if (is_numeric($a)) {\n       if ($a % 2 == 0) {\n            return \'even\';\n        }\n        if ($a %2 != 0) {\n            return \'odd\';\n        } \n    }\n    else {\n        return \'not a number\';\n    }\n}'),('klopez',88,1,'2013-09-16 22:14:32',1,'function s($s) {\n    $str = (string)$s;\n    return strlen($str);\n}'),('klopez',89,1,'2013-09-16 22:16:46',1,'function s($a, $b, $c) {\n    $stra = (string)$a;\n    $strb = (string)$b;\n    $strc = (string)$c;\n    return $stra.$strb.$strc;\n}'),('klopez',90,3,'2013-09-16 22:20:42',1,'function s($a, $b, $c) {\n    if (is_string($a) && is_string($b) && is_string($c)) {\n        return $a.$b.$c;\n    }\n    else {\n        return \'foo\';\n    }\n}'),('klopez',91,8,'2013-09-16 22:25:26',1,'function s($a, $b) {\n    if (is_float($a) && is_float($b)){\n        $c = $a*$b;\n        return sprintf(\"%0.2f\", $c);\n    }\n    else {\n        return \"Nothing\";\n    }\n}'),('klopez',92,1,'2013-09-16 22:29:48',1,'function s($a, $b, $c) {\n    if (is_string($a) && is_string($b) && is_string($c)) {\n        $array = array(\n            $a => strlen($a),\n            $b => strlen($b),\n            $c => strlen($c),\n        );\n        return $array;\n    }\n    else {\n        return \'None\';\n    }\n}'),('klopez',93,7,'2013-09-18 06:00:00',1,'function s() {\n    $array = array();\n    for ($i = 0; $i < 20; $i++) {\n        if ($i % 2 != 0) {\n            $array[$i] = pow($i, 2);\n        } \n    }\n    return $array;\n}'),('mmanwaring',1,3,'2013-09-06 04:33:22',1,'$test = $_SESSION[\'test\'] = \'steve\';'),('mmanwaring',4,8,'2013-08-30 04:03:46',1,'echo \"Hello World\";'),('mmanwaring',5,8,'2013-09-13 18:08:11',1,'function s($a, $b)\n{\n    return $a+$b;\n}'),('mmanwaring',32,1,'2013-08-30 04:06:13',1,'echo \"hello wor\";'),('mmanwaring',35,1,'2013-08-30 04:06:29',1,'echo 673;'),('mmanwaring',36,21,'2013-09-13 16:16:27',1,'$_SESSION[\'names\'] = array\n    (\n    1 => \'tom\',\n    2 => \'fred\',\n    3 => \'steve\'\n    );'),('mmanwaring',37,11,'2013-09-06 04:34:06',1,'function a()\n{\n    return date(\'l H:i\');\n}'),('mmanwaring',38,2,'2013-09-13 18:02:40',1,'$_SESSION[\'curdate\'] = date(\'M d, h:i\');'),('mmanwaring',39,2,'2013-08-30 05:37:46',1,'for ($i=1; $i<101; $i++)\n{\necho \"$i<br/>\";\n}'),('mmanwaring',40,7,'2013-09-13 18:13:27',0,'function a(\'Hello World\')\n{\n    return \'Hello World\';\n}'),('mmanwaring',75,6,'2013-09-06 04:05:09',1,'for ($i=0;$i<=100;$i++)\nif ($i % 2!=0)\necho $i.\'<br/>\';'),('mmanwaring',76,27,'2013-09-06 04:07:28',1,'for ($x = 0; $x < 100; $x++) {\n    echo \'hi<br />\';\n}\n'),('mmanwaring',77,1,'2013-09-06 04:15:53',1,'for ($x = 100; $x > 0; $x--) {\n    echo $x.\"<br/>\";\n}\n'),('mmanwaring',78,5,'2013-09-06 04:16:48',1,'echo date(\'H:i\');'),('mmanwaring',79,1,'2013-09-04 18:04:23',1,'include_once \"app/foo.inc\";'),('mmanwaring',80,2,'2013-09-06 04:22:50',1,'include (\'app/vars.php\');\necho $a+$b;'),('mmanwaring',81,10,'2013-09-16 18:10:41',0,'$list = array();\nfor ($i=1; $i<=101; $i++)\n{\n    $list[$i] = $i;\n}\n$_SESSION[\'nums\'] = $list;'),('mpotter',1,3,'2013-08-28 18:06:43',0,'$test = \"steve\";'),('mpotter',4,6,'2013-08-28 18:06:05',1,'echo \"Hello World\";'),('mpotter',32,1,'2013-09-09 04:43:40',1,'echo \"hello wor\";'),('mpotter',35,1,'2013-09-09 04:43:58',1,'echo \"673\";'),('mpotter',37,1,'2013-09-16 18:05:19',1,'function a()\n{\n    return date(\"l h:i\");\n}'),('mpotter',38,2,'2013-09-16 18:08:16',1,'$_SESSION[\'curdate\'] = date(\"M d, h:i\");'),('mpotter',39,11,'2013-09-09 04:41:38',1,'    for ($x = 1; $x <= 100; $x++) {\n	    echo \"$x<br/>\";\n	}'),('mpotter',75,3,'2013-09-09 04:46:18',1,'for ($x = 1; $x <= 100; $x+=2) {\n        echo \"$x<br/>\";\n	}'),('mpotter',76,19,'2013-09-09 04:46:56',0,'for ($x = 1; $x < 101; $x++) {\n        echo \"hi<br>\";\n	}'),('mpotter',77,2,'2013-09-09 04:50:50',1,'for ($x = 100; $x >= 1; $x--) {\n        echo \"$x<br/>\";\n	}'),('mpotter',78,4,'2013-09-09 05:02:59',1,'$today = date(\"H:i\");\necho \"$today\";'),('mpotter',79,2,'2013-09-09 04:52:49',0,'include \"app/vars.php\"'),('mpotter',80,1,'2013-09-09 04:55:17',1,'include \"app/vars.php\";\n$r = $a + $b;\necho \"$r\";'),('mpotter',81,1,'2013-09-16 18:10:24',0,'$a = array();\nfor ($i=1;$i<=100;$i++)\n{\n    $a[$i]=$i;\n}'),('mspeener',1,1,'2013-09-18 17:13:51',1,'$_SESSION[\'test\']=\'steve\';'),('mspeener',4,1,'2013-08-28 18:06:39',1,'echo \"Hello World\";\n'),('mspeener',5,1,'2013-09-16 05:45:17',1,'function addVars($x, $y){\n    return $x + $y;\n}'),('mspeener',32,1,'2013-08-28 18:08:02',1,'echo \"hello wor\";\n'),('mspeener',33,1,'2013-09-16 05:46:08',1,'function addTriple($x, $y, $z){\n    return $x + $y + $z;\n}'),('mspeener',35,1,'2013-08-28 18:08:27',1,'echo \"673\";\n'),('mspeener',36,2,'2013-09-18 17:35:07',1,'$names = array(1 => \'tom\', 2 => \'fred\', 3 => \'steve\');\n$_SESSION[\'names\'] = $names;'),('mspeener',37,4,'2013-09-16 05:41:11',1,'function getDate() {\n    return date(\"l h:i\");\n}\n\n'),('mspeener',38,1,'2013-09-18 17:37:09',1,'$_SESSION[\'curdate\'] = date(\'M d, H:i\');'),('mspeener',39,5,'2013-09-06 18:18:10',0,'for ($x=1; $x<=100; $x++){\n    echo \"$x<br>\";\n}'),('mspeener',40,1,'2013-09-16 05:46:45',1,'function helloWorld(){\n    return \"Hello World\";\n}'),('mspeener',41,1,'2013-09-16 05:48:00',1,'function getIP(){\n    return $_SERVER[\'REMOTE_ADDR\'];\n}'),('mspeener',75,1,'2013-09-06 18:22:43',0,'for ($x=1;$x<=100;$x+=2){\n    echo \"$x <br>\";\n}'),('mspeener',76,1,'2013-09-06 18:27:42',0,'for ($x=1;$x<=100;$x++){\n    echo \"hi <br>\";\n}'),('mspeener',77,1,'2013-09-06 18:28:40',0,'for ($x=100;$x>=1;$x--) {\n    echo \"$x <br>\";\n}'),('mspeener',78,2,'2013-09-06 18:31:44',1,'echo date(\"h:i\");'),('mspeener',81,1,'2013-09-18 17:39:04',1,'$nums = array();\nfor ($x=1; $x<=100; $x++){\n    $nums[$x] = $x;\n}\n$_SESSION[\'nums\'] = $nums;'),('mspeener',86,1,'2013-09-16 05:51:53',1,'function oddEven($x){\n    if (is_numeric($x)){\n        if ($x % 2 == 0) {\n            return \"even\";\n        }\n        else {\n            return \"odd\";\n        }\n    }\n    else {\n        return \"not a number\";\n    }\n}'),('mspeener',88,1,'2013-09-16 05:56:03',1,'function countString($string){\n    $string = (string) $string;\n    return strlen($string);\n}'),('mspeener',89,1,'2013-09-16 05:57:48',1,'function addStrings($str1, $str2, $str3){\n    $str1 = (string) $str1;\n    $str2 = (string) $str2;\n    $str3 = (string) $str3;\n    return $str1.$str2.$str3;\n}'),('mspeener',90,2,'2013-09-16 06:00:07',1,'function addStrings($str1, $str2, $str3){\n    if (is_string($str1) and is_string($str2) and is_string($str3)){\n        return $str1.$str2.$str3;    \n    }\n    else {\n        return \"foo\";\n    }\n}'),('mspeener',91,6,'2013-09-16 06:37:19',1,'function multFloat($x, $y){\n    if(is_float($x) and is_float($y)){\n        $number = $x * $y;\n        $number = number_format($number, 2);\n        return $number;\n    }\n    else{\n        return \"Nothing\";\n    }\n}\n'),('mspeener',92,2,'2013-09-18 17:17:29',1,'function addStrings($str1, $str2, $str3){\n    if (is_string($str1) and is_string($str2) and is_string($str3)){\n        $array = array(\n            $str1 => strlen($str1),\n            $str2 => strlen($str2),\n            $str3 => strlen($str3)\n            ); \n        return $array;\n    }\n    else {\n        return \"None\";\n    }\n}'),('mspeener',93,12,'2013-09-18 17:25:49',1,'function weirdArray(){\n    $weird = array();\n    for($x = 1; $x <= 20; $x += 2){\n        $weird[$x] = $x * $x;\n    }\n    return $weird;\n}'),('sburk',4,1,'2013-08-28 18:08:09',1,'echo \"Hello World\";\n\n'),('sburk',32,1,'2013-08-28 18:12:42',1,'echo \"hello wor\";\n'),('sburk',35,1,'2013-08-28 18:13:03',1,'echo \"673\";');
/*!40000 ALTER TABLE `php_console_person_question` ENABLE KEYS */;
UNLOCK TABLES;

--
-- Table structure for table `php_console_question_input`
--

DROP TABLE IF EXISTS `php_console_question_input`;
/*!40101 SET @saved_cs_client     = @@character_set_client */;
/*!40101 SET character_set_client = utf8 */;
CREATE TABLE `php_console_question_input` (
  `question_id` int(11) NOT NULL,
  `input_id` int(11) NOT NULL,
  PRIMARY KEY (`question_id`,`input_id`),
  KEY `input_id` (`input_id`),
  CONSTRAINT `php_console_question_input_ibfk_1` FOREIGN KEY (`question_id`) REFERENCES `php_console_questions` (`question_id`) ON DELETE CASCADE ON UPDATE CASCADE,
  CONSTRAINT `php_console_question_input_ibfk_2` FOREIGN KEY (`input_id`) REFERENCES `php_console_input` (`input_id`) ON DELETE CASCADE ON UPDATE CASCADE
) ENGINE=InnoDB DEFAULT CHARSET=latin1;
/*!40101 SET character_set_client = @saved_cs_client */;

--
-- Dumping data for table `php_console_question_input`
--

LOCK TABLES `php_console_question_input` WRITE;
/*!40000 ALTER TABLE `php_console_question_input` DISABLE KEYS */;
/*!40000 ALTER TABLE `php_console_question_input` ENABLE KEYS */;
UNLOCK TABLES;

--
-- Table structure for table `php_console_question_type`
--

DROP TABLE IF EXISTS `php_console_question_type`;
/*!40101 SET @saved_cs_client     = @@character_set_client */;
/*!40101 SET character_set_client = utf8 */;
CREATE TABLE `php_console_question_type` (
  `type_id` int(11) NOT NULL AUTO_INCREMENT,
  `type_val` varchar(20) NOT NULL,
  PRIMARY KEY (`type_id`)
) ENGINE=InnoDB AUTO_INCREMENT=6 DEFAULT CHARSET=latin1;
/*!40101 SET character_set_client = @saved_cs_client */;

--
-- Dumping data for table `php_console_question_type`
--

LOCK TABLES `php_console_question_type` WRITE;
/*!40000 ALTER TABLE `php_console_question_type` DISABLE KEYS */;
INSERT INTO `php_console_question_type` VALUES (1,'session'),(2,'database'),(3,'output'),(4,'function'),(5,'arrays');
/*!40000 ALTER TABLE `php_console_question_type` ENABLE KEYS */;
UNLOCK TABLES;

--
-- Table structure for table `php_console_questions`
--

DROP TABLE IF EXISTS `php_console_questions`;
/*!40101 SET @saved_cs_client     = @@character_set_client */;
/*!40101 SET character_set_client = utf8 */;
CREATE TABLE `php_console_questions` (
  `question_id` int(11) NOT NULL AUTO_INCREMENT,
  `question_type` int(11) NOT NULL,
  `question_name` varchar(20) DEFAULT NULL,
  `question_text` text NOT NULL,
  `question_solution` text NOT NULL,
  PRIMARY KEY (`question_id`),
  KEY `question_type` (`question_type`),
  CONSTRAINT `php_console_questions_ibfk_1` FOREIGN KEY (`question_type`) REFERENCES `php_console_question_type` (`type_id`) ON DELETE CASCADE ON UPDATE CASCADE
) ENGINE=InnoDB AUTO_INCREMENT=98 DEFAULT CHARSET=latin1;
/*!40101 SET character_set_client = @saved_cs_client */;

--
-- Dumping data for table `php_console_questions`
--

LOCK TABLES `php_console_questions` WRITE;
/*!40000 ALTER TABLE `php_console_questions` DISABLE KEYS */;
INSERT INTO `php_console_questions` VALUES (1,1,'session_1','Create a session variable named \'test\' that contains the value \'steve\'.','$_SESSION[\"test\"] = \"steve\";'),(3,2,'student_select','Create a query that retrieves all fields and records from a table called \'students\'.  Assign to a variable like\r\n\r\n$sql = \'YOUR STATEMENT HERE\';','$sql = \"SELECT * FROM students\";'),(4,3,'hello world','Output the following:\r\n\r\nHello World','echo \'Hello World\';'),(5,4,'question_4','Create a function that receives two variables and returns the sum of them.','function addit($a,$b){\r\n    return $a+$b;\r\n}'),(6,2,'student insert','Insert into students table a record. Preface with $sql = \"YOUR STATEMENT\";','$sql = \"INSERT into students (name, email) VALUES(\'joe\',\'email@foo.com\')\";'),(32,3,'hello wor','Output \'hello wor\' to the screen.','echo \'hello wor\';'),(33,4,'function_3','Create a function that receives 3 variables and returns the sum of them.','function a($b, $c, $d){\n    return $b + $c + $d;\n}'),(35,3,'number out','Output the following number to the screen:\n\n673','echo 673;'),(36,1,'num1','Create a session variable named \'names\' with the following contents as an array.\n\nKey   Value\n---   -----\n1     tom\n2     fred\n3     steve','$_SESSION[\'names\'] = array(1=>\'tom\', 2=>\'fred\', 3=>\'steve\');'),(37,4,'date','Write a function that receives nothing and returns the current time as returned by the date function in the following format:\n\nMonday 07:23\n\n','function getDate(){\r\n    return date(\"l h:i\");\r\n}'),(38,1,'session_date','Set a session variable named \'curdate\' using the date function with the following format:\n\nAug 22, 08:53','$_SESSION[\'curdate\']= date(\"M d, h:i\");'),(39,3,'many_numbers','Echo to the screen the numbers from 1 to 100 each on it\'s own line (use a br tag). (A loop makes this easy).','for ($i=1; $i<101; $i++)\r\n    {\r\n      echo $i.\"<br/>\";\r\n    };'),(40,4,'function_hello','Return the string \"Hello World\" from a function.','function sayHi(){\n    return \"Hello World\";\n}'),(41,4,'function_myip','Return your current ip address from a function. Hint: use a $_SERVER variable.','function myIP(){\n    return $_SERVER[\'REMOTE_ADDR\'];\n};'),(75,3,'odd_numbers','Print out the odd numbers from 1-100 each separated by a \'br\' tag.','for($i=1;$i<100;$i++){\r\n    if($i%2==1)\r\n    {\r\n        echo $i.\'<br/>\';\r\n    }\r\n};'),(76,3,'loop_text','Echo out \'hi<br />\' 100 times.','for($i=0;$i<100;$i++){\r\necho \'hi<br/>\';\r\n}'),(77,3,'countdown 100','Print out the numbers from 100 to 1 (inclusive) each separated by a \"br\" tag.','for($i=100;$i>=1;$i--){\r\n        echo $i.\'<br/>\';\r\n    };'),(78,3,'out date','Use the php date function to output the current hour and minute.  Use the 24 hour format with leading zeroes and minutes with leading zeroes.(04:07)','echo date(\"H:i\");'),(79,3,'include','Write the code that you would use to include a file called foo.inc located in the app folder.','include_once \'app/foo.inc\';'),(80,3,'include add','vars.php is located in the app folder and has two variables in it.  You need to sum these variables(a) and (b) together and output the results.','include_once \'app/vars.php\';\r\necho $a + $b;'),(81,1,'session_array','Create a session variable that stores the array of numbers from 1-100. The SESSION variable should be called \'nums\'.  The key and value of the array should be the same. (I.e. 1=&gt;1, 2=&gt;2)','$a = array();\nfor ($i=1;$i<=100;$i++)\n{\n    $a[$i]=$i;\n}\n$_SESSION[\'nums\']=$a;'),(86,4,'fn_if','Create a function that receives an integer and returns the string \'even\' if that integer is even, \'odd\' if odd.  This should only occur if the input arguments are numeric, if they are not numeric return \'not a number\'','function foo($a)\r\n{\r\n    if(is_numeric($a))\r\n    {\r\n    if($a%2==0)\r\n    {\r\n        return \'even\';\r\n    }\r\n    return \'odd\';\r\n    }\r\n    return \'not a number\';\r\n}'),(88,4,'fn_string_1','Write a function that will receive a string and return the number of characters in the string.  You should begin by converting the input argument to a string.','function foo($a)\r\n{\r\n    $a = (string)$a;   \r\n    return strlen($a);\r\n   \r\n}'),(89,4,'fn_string_2','Create a function that will recieve 3 arguments and concatenate them in order and return the result.  You may have to convert all the arguments to a string for this to work correctly.','function foo($a, $b, $c)\r\n{\r\n    return $a.$b.$c;\r\n}'),(90,4,'fn_string_3','Do the same as fn_string_3, but make sure that the arguments are strings before concatenating. If they are not strings just return \'foo\'.','function foo($a, $b, $c)\r\n{\r\n    if(is_string($a) && is_string($b) && is_string($c))\r\n    {\r\n        return $a.$b.$c;\r\n    }\r\n    else\r\n    {\r\n        return \'foo\';\r\n    }\r\n}'),(91,4,'fn_floats_1','Create a function that receives two floating point variables, multiplies them together, and returns the result formatted to two decimal points precision.','function foo($a, $b)\r\n{\r\n    if(is_float($a) && is_float($b))\r\n    {\r\n        return number_format($a*$b,2);\r\n    }\r\n    return \'Nothing\';\r\n}'),(92,4,'fn_arrays_1','Create a function that receives 3 string arguments (test to make sure that they are strings). If in fact they are, create a new array with the string as the key and the length as the value.  Return the array. If they are not strings, return the string \'None\'.','function foo($a, $b, $c)\r\n{\r\n    \r\n    if(is_string($a) && is_string($b) && is_string($c))\r\n    {\r\n        $ary=array($a=>strlen($a), $b=>strlen($b), $c=>strlen($c));\r\n        return $ary;\r\n    }\r\n    return \'None\';\r\n}'),(93,4,'fn_arrays_2','Create a function that creates an array that is indexed numerically (starting from 0 and ending at 20, but just do odd numbers).  The values of your array should contain the value of the key squared.  (i.e. 0=>0^2, 1=>1^2, 2=>2^2)  (but remember you are just doing odds)','function foo()\r\n{\r\n    $ary=array();\r\n    $i=1;\r\n    while($i<20)\r\n    {\r\n     $ary[$i]=pow($i,2);\r\n     $i+=2;\r\n    }\r\n   \r\n       \r\n    \r\n    return $ary;\r\n}'),(94,2,'student_update','Update the email of student_id 1 to \'foo@bar.com\' in the students table;  Your code should just be a line of appropriate sql such that $sql = &quot;your statement&quot;;','$sql = \"UPDATE students SET email=\'foo@bar.com\' WHERE student_id = 1\";'),(95,2,'student_select_2','Write a query to select all student records that have a student_id of greater than 7 and less than 14.','$sql = \"SELECT * from students where student_id > 7 and student_id < 14\";'),(96,2,'student_select_3','Select the student_id for the student whose name is \'archie\' from the students table.','$sql = \"SELECT student_id from students WHERE name = \'archie\'\";'),(97,2,'customer_select_1','Select the customerName, contactLastName, contactFirstName from the customers table of all the customers that live in CA.','$sql = \"SELECT customerName, contactLastName, contactFirstName FROM customers WHERE state = \'CA\'\";');
/*!40000 ALTER TABLE `php_console_questions` ENABLE KEYS */;
UNLOCK TABLES;

--
-- Table structure for table `php_console_roles`
--

DROP TABLE IF EXISTS `php_console_roles`;
/*!40101 SET @saved_cs_client     = @@character_set_client */;
/*!40101 SET character_set_client = utf8 */;
CREATE TABLE `php_console_roles` (
  `role_id` int(11) NOT NULL AUTO_INCREMENT,
  `role_desc` varchar(20) NOT NULL,
  PRIMARY KEY (`role_id`)
) ENGINE=InnoDB AUTO_INCREMENT=3 DEFAULT CHARSET=latin1;
/*!40101 SET character_set_client = @saved_cs_client */;

--
-- Dumping data for table `php_console_roles`
--

LOCK TABLES `php_console_roles` WRITE;
/*!40000 ALTER TABLE `php_console_roles` DISABLE KEYS */;
INSERT INTO `php_console_roles` VALUES (1,'student'),(2,'administrator');
/*!40000 ALTER TABLE `php_console_roles` ENABLE KEYS */;
UNLOCK TABLES;
/*!40103 SET TIME_ZONE=@OLD_TIME_ZONE */;

/*!40101 SET SQL_MODE=@OLD_SQL_MODE */;
/*!40014 SET FOREIGN_KEY_CHECKS=@OLD_FOREIGN_KEY_CHECKS */;
/*!40014 SET UNIQUE_CHECKS=@OLD_UNIQUE_CHECKS */;
/*!40101 SET CHARACTER_SET_CLIENT=@OLD_CHARACTER_SET_CLIENT */;
/*!40101 SET CHARACTER_SET_RESULTS=@OLD_CHARACTER_SET_RESULTS */;
/*!40101 SET COLLATION_CONNECTION=@OLD_COLLATION_CONNECTION */;
/*!40111 SET SQL_NOTES=@OLD_SQL_NOTES */;

-- Dump completed on 2013-09-19 12:36:05
